text,true_id,true_name,pred_id,pred_name,top_phrasing,top_score,score_World,score_Sports,score_Business,score_Sci/Tech
"Indian board plans own telecast of Australia series The Indian cricket board said on Wednesday it was making arrangements on its own to broadcast next month #39;s test series against Australia, which is under threat because of a raging TV rights dispute.",1,Sports,1,Sports,sports,0.6314865946769714,0.14935967326164246,0.6314865946769714,0.2002018243074417,0.01895192079246044
Stocks Higher on Drop in Jobless Claims A sharp drop in initial unemployment claims and bullish forecasts from Nokia and Texas Instruments sent stocks slightly higher in early trading Thursday.,2,Business,2,Business,business,0.6468017101287842,0.23464344441890717,0.020730556920170784,0.6468017101287842,0.09782424569129944
"Nuggets 112, Raptors 106 Carmelo Anthony scored 30 points and Kenyon Martin added 24 points and 16 rebounds, helping the Denver Nuggets hold off the Toronto Raptors 112-106 Wednesday night.",1,Sports,1,Sports,sports,0.6780856847763062,0.13276700675487518,0.6780856847763062,0.14377707242965698,0.04537021741271019
Stocks Higher on Drop in Jobless Claims A sharp drop in initial unemployment claims and bullish forecasts from Nokia and Texas Instruments sent stocks higher in early trading Thursday.,2,Business,2,Business,business,0.6459211111068726,0.23516786098480225,0.020358365029096603,0.6459211111068726,0.09855261445045471
"REVIEW: 'Half-Life 2' a Tech Masterpiece (AP) AP - It's been six years since Valve Corp. perfected the first-person shooter with ""Half-Life."" Video games have come a long way since, with better graphics and more options than ever. Still, relatively few games have mustered this one's memorable characters and original science fiction story.",3,Sci/Tech,3,Sci/Tech,science and technology,0.8604776263237,0.11000155657529831,0.011734271422028542,0.017786500975489616,0.8604776263237
"China's inflation rate slows sharply but problems remain (AFP) AFP - China's inflation rate eased sharply in October as government efforts to cool the economy began to really bite, with food prices, one of the main culprits, showing some signs of slowing, official data showed.",0,World,0,World,world news,0.7792847752571106,0.7792847752571106,0.026828361675143242,0.1374264508485794,0.056460410356521606
"ADV: Try Currency Trading Risk-Free 30 Days 24-hour commission-free trading, 100-to-1 leverage of your capital, and Dealbook Fx 2 - our free advanced trading software. Sign up for our free 30-day trial and receive one-on-one training.",2,Business,2,Business,business,0.7357932329177856,0.15692707896232605,0.05107230693101883,0.7357932329177856,0.05620741471648216
"OPEC Can Raise Output Capacity by 1 Mln Barrels/Day (Update1) The Organization of Petroleum Exporting Countries, which supplies a third of the world #39;s crude oil, can raise production capacity by 1 million barrels a day by year-end, OPEC President Purnomo Yusgiantoro said.",2,Business,0,World,world news,0.6917439103126526,0.6917439103126526,0.01967955194413662,0.24916820228099823,0.03940839320421219
"Intel gets off chip speed roller coaster: Technology India: New York, Oct 19 : The world #39;s leading computer chipmaker Intel has jumped off the chip speed roller coaster by yanking its four giga hertz (4 GHz) Pentium 4 processor off the drawing board.",3,Sci/Tech,0,World,world news,0.5205437541007996,0.5205437541007996,0.013251833617687225,0.1085028275847435,0.3577015697956085
Amazon Snaps Up China's Largest Web Retailer (NewsFactor) NewsFactor - Amazon.com (Nasdaq: AMZN) has said it will buy Joyo.com Limited -- a British Virgin Islands company that operates the largest Internet retail Web site in China -- for US #36;75 million.,2,Business,0,World,world news,0.5441359281539917,0.5441359281539917,0.007467909716069698,0.43748265504837036,0.010913508012890816
"Bookies take bets on new Band Aid Bookies take bets on a new Band Aid single being Christmas No 1, expected to be confirmed by Midge Ure.",0,World,2,Business,business,0.8331729173660278,0.08210080116987228,0.03333856537938118,0.8331729173660278,0.0513877235352993
Hokies making statement about ACC title intentions The annual summer barbecues that Ralph Friedgen and Frank Beamer co-host at their lake homes in Georgia may be a little less cordial after the way Beamer #39;s Virginia Tech Hokies waxed Friedgen #39;s Maryland Terrapins 55-6 last night.,1,Sports,1,Sports,sports,0.8544219136238098,0.015614712610840797,0.8544219136238098,0.11893977969884872,0.011023578234016895
"Gilchrist confident about India tour SYDNEY, Sep 25: Australia #39;s stand-in captain and wicketkeeper Adam Gilchrist has said that his twin responsibilities will not come in the way of seeking a winning start for his team against India in next month #39;s Test series.",1,Sports,2,Business,business,0.6102110743522644,0.24373750388622284,0.12698841094970703,0.6102110743522644,0.019063033163547516
Israeli Tanks Surge Into Gaza Refugee Camp -Witnesses  GAZA (Reuters) - A column of Israeli tanks surged into the  heart of the Jabalya refugee camp in the northern Gaza Strip on  Thursday as the army broadened its sweep for militants behind a  deadly rocket attack on an Israeli town.,0,World,0,World,world news,0.764887273311615,0.764887273311615,0.06047752872109413,0.0951327234506607,0.07950246334075928
"Microsoft, EU Officials in Procedure Meeting Microsoft (Quote, Chart) and representatives of the European Union #39;s Competition Commission will sit down at the table together on Thursday, but it won #39;t be to eat.",2,Business,2,Business,business,0.8745479583740234,0.07046172767877579,0.011202758178114891,0.8745479583740234,0.04378758743405342
"Nevada Implements 1st Touch-Screen Voting Machines With Paper-Trail By RACHEL KONRAD     CARSON CITY, Nev. (AP) -- In what could become a model for other states, Nevada voters on Tuesday became the first in the nation to cast ballots in a statewide election on computers that printed paper records of electronic ballots...",3,Sci/Tech,0,World,world news,0.6152867078781128,0.6152867078781128,0.06783774495124817,0.10998173803091049,0.20689384639263153
"Public warning over letter bombs The discovery of 10 letter bombs has prompted a police warning to the public to exercise caution. Bedfordshire Police said none of the improvised devices - containing lighter fluid - had ignited, despite the fact that some had been opened.",0,World,0,World,world news,0.5992081761360168,0.5992081761360168,0.09013132005929947,0.15276946127414703,0.15789103507995605
Athletics: Dominant Phillips takes long jump gold ATHENS - Dwight Phillips of the United States completed a hat-trick of global long jump titles when he crushed the field with his opening leap in Thursday #39;s final to win Olympic gold.,1,Sports,1,Sports,sports,0.862484872341156,0.12855106592178345,0.862484872341156,0.004243709146976471,0.004720317665487528
"UN aid plane shot at in Ivory Coast Abidjan - A United Nations World Food Programme (WFP) plane was met with gunfire and threats when it arrived in Man, western Ivory Coast, the UN said in a statement on Saturday.",0,World,0,World,world news,0.8256628513336182,0.8256628513336182,0.04298121854662895,0.07293234020471573,0.058423545211553574
"Vampire: The Masquerade - Bloodlines Review November 17, 2004 - Most of us who #39;ve been gamers for a while are familiar with the history behind Troika, which was formed from key members of the Black Isle group that made the Fallout, among other talented individuals.",3,Sci/Tech,2,Business,business,0.33075737953186035,0.19095687568187714,0.17785893380641937,0.33075737953186035,0.30042678117752075
"Israel Destroys Refugee Homes, Kills One GAZA CITY, Gaza Strip - A day after a mortar round killed an Israeli-American woman in a nearby settlement, the Israeli army charged into a Palestinian refugee camp Saturday, killing one person and tearing down 35 homes, witnesses and a U.N. aid official said...",0,World,0,World,world news,0.838050365447998,0.838050365447998,0.03830879181623459,0.07531778514385223,0.04832301288843155
PeopleSoft revises third-quarter profit Oracle target adds \$2.6 million to bottom line after tax adjustment related to ex-CEO's severance package.,3,Sci/Tech,2,Business,business,0.8190032243728638,0.12002125382423401,0.024454811587929726,0.8190032243728638,0.036520667374134064
"SCHOOL #39;S OUT FOR STERNE A first win on the European Tour - any tour, in fact - is a notable feat in any golfer #39;s career. But the one by South African Richard Sterne in the Madrid Open yesterday deserves special mention.",1,Sports,1,Sports,sports,0.5782493948936462,0.22920599579811096,0.5782493948936462,0.16982322931289673,0.022721396759152412
"Streaking Astros Clock Reds 11-5 (AP) AP - Astros pitcher Brandon Backe hit his first career homer, a two-run shot, and allowed one run in seven innings to keep Houston in the thick of the NL wild-card chase with an 11-5 rout of the Cincinnati Reds on Monday.",1,Sports,1,Sports,sports,0.7007142305374146,0.14753590524196625,0.7007142305374146,0.12967652082443237,0.02207338809967041
"Kerry assails Bush troop withdrawal plan (AFP) AFP - Democratic White House hopeful Senator John Kerry warned that President George W. Bush's plan to withdraw 70,000 troops from Europe and Asia would hinder the war on terrorism and embolden North Korea.",0,World,0,World,world news,0.9182923436164856,0.9182923436164856,0.018726466223597527,0.03555070981383324,0.027430487796664238
"TSA Deal Overpaid Boeing, Report Says Boeing Co. received at least \$49 million in excessive profits on a \$1.2 billion contract to supply explosives-detection systems to hundreds of the nation #39;s airports, the Department of Homeland ",2,Business,2,Business,business,0.8418487310409546,0.12044026702642441,0.012622630223631859,0.8418487310409546,0.025088397786021233
"Shares Gain While Oil Holds Near \$50  LONDON (Reuters) - European stock markets rose and absorbed  three separate share placings on Wednesday, boosted by Wall  Street's strong finish while oil prices held close to \$50 a  barrel ahead of U.S. oil inventory data.",2,Business,0,World,world news,0.6265050172805786,0.6265050172805786,0.021436158567667007,0.32039904594421387,0.0316598042845726
"Red Hat replaces CFO Red Hat on Thursday named Charles Peters Jr. as executive vice president and chief financial officer. Peters replaces Kevin Thompson, who unexpectedly announced his resignation in June, a few days before the ",2,Business,2,Business,business,0.8322193026542664,0.08369726687669754,0.031256768852472305,0.8322193026542664,0.05282669886946678
"Jobless Claims Rise Unexpectedly  WASHINGTON (Reuters) - The number of Americans filing  initial claims for jobless pay grew unexpectedly last week to  357,000, Labor Department data showed on Thursday, but an  official said an increase in the week after a public holiday  was typical.",2,Business,0,World,world news,0.5562672019004822,0.5562672019004822,0.06253975629806519,0.29278868436813354,0.08840435743331909
"Ballmer strikes big rivals from Microsoft shopping list LISBON - Customers watching for Microsoft Corp. to make a headline-grabbing buy in the business applications market faced disappointment Tuesday as company Chief Executive Officer Steven Ballmer ruled out acquisitions of PeopleSoft Inc., Oracle Corp. and SAP AG.",3,Sci/Tech,2,Business,business,0.7485571503639221,0.20322537422180176,0.013216190971434116,0.7485571503639221,0.035001322627067566
Auto Parts Sector Falls on Delphi News Investors sold off shares of auto parts makers Friday after Delphi Corp. issued a profit warning and said it would cut nearly 5 percent of its work force next year.,2,Business,2,Business,business,0.7632555365562439,0.19110068678855896,0.013075205497443676,0.7632555365562439,0.03256863355636597
Cisco joins WiMax Forum The networking giant formally signs on to the wireless broadband group as the organization's ranks increase.,3,Sci/Tech,2,Business,business,0.6488152146339417,0.23893681168556213,0.030034979805350304,0.6488152146339417,0.08221296966075897
"Hasbro's No Conehead Its Saturday Night Live version of ""Trivial Pursuit"" is good strategy for staying ahead of age compression.",2,Business,2,Business,business,0.5507329106330872,0.10432343930006027,0.27281132340431213,0.5507329106330872,0.07213228195905685
"Intel dauphin Otellini becomes king Intel #39;s board has given the go ahead for the long anticipated shift in power from current CEO Craig Barrett to current President Paul Otellini Come May 18, Otellini will take over the chipmaker and become its fifth ever CEO.",2,Business,2,Business,business,0.7848078012466431,0.14808470010757446,0.022834138944745064,0.7848078012466431,0.044273339211940765
Top exec shares business lessons Jeff Raikes was working at Apple Computer in the early 1980s when a guy named Steve Ballmer called and asked him to interview for a product-management job at a small software outfit in the Seattle area.,3,Sci/Tech,2,Business,business,0.9757881760597229,0.009888587519526482,0.003482177620753646,0.9757881760597229,0.010841066017746925
India's Tata expands regional footprint via NatSteel buyout (AFP) AFP - India's Tata Iron and Steel Company Ltd. took a strategic step to expand its Asian footprint with the announcement it will buy the Asia-Pacific steel operations of Singapore's NatSteel Ltd.,0,World,2,Business,business,0.5220370888710022,0.4444946050643921,0.013095622882246971,0.5220370888710022,0.020372694358229637
"Ken Caminiti, 1996 NL MVP, Dies at Age 41 NEW YORK - Ken Caminiti, the 1996 National League MVP who later admitted using steroids during his major league career, died Sunday. He was 41...",0,World,1,Sports,sports,0.7587518095970154,0.14412878453731537,0.7587518095970154,0.05020633712410927,0.04691304266452789
"The Next Shock: Not Oil, but Debt The American economic ship, which has weathered the recent run-up in crude oil prices, may be more vulnerable to sudden surges in the price of money.",2,Business,0,World,world news,0.5894542932510376,0.5894542932510376,0.02468893676996231,0.33952516317367554,0.04633156582713127
"Cocoa prices down but Ivorian exports still blocked World cocoa prices were down on Tuesday but off the day #39;s lows as exports remained on hold after mob violence and military clashes in Ivory Coast, the key global supplier, traders said.",0,World,0,World,world news,0.7322469353675842,0.7322469353675842,0.01868545636534691,0.21764764189720154,0.03141989931464195
"Bellhorn Makes Big Noise for Red Sox  BOSTON (Reuters) - With a power-packed lineup that features  sluggers like Manny Ramirez and David Ortiz, it was Mark  Bellhorn who was the unlikely hero of Game One of the 100th  World Series with a two-run homer for the Boston Red Sox  Saturday.",1,Sports,1,Sports,sports,0.7695483565330505,0.19975543022155762,0.7695483565330505,0.017785660922527313,0.012910563498735428
"Sugar Shane Not so Sweet (November 21, 2004). Ronald Winky Wright successfully defended his 154 lb. title for the sixth time in the highly anticipated rematch with the formerly sweet Sugar Shane Mosley ",1,Sports,1,Sports,sports,0.502995491027832,0.19726905226707458,0.502995491027832,0.24776333570480347,0.05197206139564514
"Egypt steps back on Gaza plan over Israeli attacks Egypt took a step back from plans to help the Palestinians prepare for an Israeli withdrawal from Gaza on Wednesday, saying it could not play its role in full as long as Israeli attacks on Palestinians continue.",0,World,0,World,world news,0.7446056604385376,0.7446056604385376,0.04696226492524147,0.14439553022384644,0.06403647363185883
"One held in Jakarta embassy blast probe Indonesian police said on Friday they had made their first arrest directly linked to last week #39;s deadly embassy bombing in Jakarta, detaining a man who delivered explosives to those blamed for the attack.",0,World,0,World,world news,0.7637805938720703,0.7637805938720703,0.05050058290362358,0.11885140091180801,0.06686734408140182
"Security Beyond Antivirus Programs Comprehensive security programs that include firewall software, spyware defenses and diagnostic and repair tools are necessay to keep a PC in good health these days. &lt;FONT face=""verdana,MS Sans Serif,arial,helvetica"" size=""-2"" color=""#666666""&gt;&lt;B&gt;-The Washington Post&lt;/B&gt;&lt;/FONT&gt;",3,Sci/Tech,0,World,world news,0.4208928942680359,0.4208928942680359,0.08395297825336456,0.3547321557998657,0.1404220312833786
"Putin praises Ukraine #39;s leader Russian President Vladimir Putin has taken part in a live phone-in on Ukrainian TV, just days before the country #39;s presidential election.",0,World,0,World,world news,0.7693080902099609,0.7693080902099609,0.044206131249666214,0.11652358621358871,0.06996215879917145
"Myskina, Kuznetsov to Play in Fed Cup (AP) AP - Anastasia Myskina and Svetlana Kuznetsova will lead Russia's Fed Cup team when it plays Austria in this month's semifinals. Defending champion France will feature Amelie Mauresmo and Mary Pierce in the other semifinal against Spain, which has won this event five times.",1,Sports,1,Sports,sports,0.538476824760437,0.38827070593833923,0.538476824760437,0.05462407320737839,0.018628351390361786
"Oil price rise adds to airlines woes as losses continue The global airline industry is forecast to have made net losses of \$4.8bn this year, as the rise in the oil price has overwhelmed efforts by carriers to cut costs.",2,Business,2,Business,business,0.47347378730773926,0.46612122654914856,0.022445451468229294,0.47347378730773926,0.037959516048431396
"Yanks shock Twins, earn date with Sox: Another late rally erases 4 &lt;b&gt;...&lt;/b&gt; Just when you think you #39;ve seen it all, the Yankees devise a new way to win a game and torture their opponents. Last night, they somehow landed a spot in the American League ",1,Sports,1,Sports,sports,0.9402045011520386,0.015034216456115246,0.9402045011520386,0.03553404659032822,0.009227270260453224
"United #39;s pension dilemma United Airlines says it likely will end funding for employee pension plans, a move that would be the largest ever default by a US company and could lead to a taxpayer-funded bailout rivaling the savings-and-loan fiasco of the 1980s.",2,Business,2,Business,business,0.7112314701080322,0.25318968296051025,0.014285323210060596,0.7112314701080322,0.02129353955388069
"Barrichello Wins Chinese Grand Prix SHANGHAI, China - Rubens Barrichello won the inaugural Chinese Grand Prix on Sunday, taking advantage of Formula One champion Michael Schumacher #39;s disastrous weekend and outlasting runner-up Jenson Button by just over a second.",1,Sports,0,World,world news,0.4778548777103424,0.4778548777103424,0.439186155796051,0.053437113761901855,0.029521778225898743
"Microsoft Browser Market Share Slips Slightly Microsoft Corp. #39;s (MSFT.O: Quote, Profile, Research) share of the browser market slipped slightly in recent months but still dominated with 92.",3,Sci/Tech,2,Business,business,0.7638123631477356,0.1123734712600708,0.04088815674185753,0.7638123631477356,0.08292604237794876
UN 'must ignore cloning ban call' The UK's Royal Society urges the UN to ignore a call by President Bush to ban all forms of human cloning.,3,Sci/Tech,3,Sci/Tech,science and technology,0.5389350652694702,0.3738720417022705,0.022665753960609436,0.06452716886997223,0.5389350652694702
"Rivals Try to Turn Tables on Charles Schwab By MICHAEL LIEDTKE     SAN FRANCISCO (AP) -- With its low prices and iconoclastic attitude, discount stock broker Charles Schwab Corp. (SCH) represented an annoying stone in Wall Street's wing-tipped shoes for decades...",3,Sci/Tech,2,Business,business,0.8261703848838806,0.13692380487918854,0.018975161015987396,0.8261703848838806,0.01793064922094345
"UPDATE 1-UPS buys CNF #39;s Menlo Worldwide United Parcel Service Inc. (UPS.N: Quote, Profile, Research) agreed to buy Menlo Worldwide Forwarding, a unit of CNF Inc. (CNF.N: Quote, Profile, Research) , for \$150 million in ",2,Business,2,Business,business,0.7292847037315369,0.22940124571323395,0.019098689779639244,0.7292847037315369,0.022215355187654495
Atlanta police arrest Braves player on DUI charge ATLANTA - An Atlanta Braves player is in the Atlanta Jail today after being arrested on a charge of driving under the influence. Members of the DUI Task Force arrested shortstop Rafael Furcal about 4:20 am ,1,Sports,1,Sports,sports,0.4020254611968994,0.3130052089691162,0.4020254611968994,0.18980224430561066,0.09516707807779312
"Hewlett-Packard buys Synstar Palo Alto-based Hewlett-Packard Co. has bought IT services company Synstar plc, of Bracknell, England for about \$293.3 million. Synstar has some 1,500 customers across Europe, selling IT support for various computer platforms.",2,Business,2,Business,business,0.6742277145385742,0.23608700931072235,0.01684771291911602,0.6742277145385742,0.07283748686313629
"N.Korea called worst for press freedom Media watchdog Reporters Without Borders has labeled North Korea and Cuba the worst countries in terms of press freedom, with Denmark being the best.",0,World,0,World,world news,0.8697081208229065,0.8697081208229065,0.029204096645116806,0.05055508390069008,0.05053265392780304
"Headshake to the SETI Headfake Did the famous screensaver, SETIhome, uncover the first strong evidence for an extraterrestrial signal? The SETI Institute's Seth Shostak discusses how hyperbole can misrepresent the last addition to a list of stellar candidates.",3,Sci/Tech,3,Sci/Tech,science and technology,0.8806689381599426,0.06064985319972038,0.013089505024254322,0.04559171199798584,0.8806689381599426
"UnitedHealthcare pays \$3.5M to settle Medicare fraud claim UnitedHealthcare Insurance Co., a branch of UnitedHealth Group, will pay \$3.5 million to settle charges that it defrauded the Medicare program, the US Department of Justice announced Monday.",2,Business,2,Business,business,0.6744049191474915,0.25415098667144775,0.03298041597008705,0.6744049191474915,0.03846360743045807
Loeb extends lead over Solberg CARDIFF -- Championship leader Sebastien Loeb took two stage wins to boost his lead over Norwegian Petter Solberg as the Rally of Britain entered its second leg on Saturday.,1,Sports,0,World,world news,0.48495590686798096,0.48495590686798096,0.2940244972705841,0.1586485356092453,0.06237102299928665
Level 3 Acquires Sprint #39;s Wholesale Dial-Up Internet Business Level 3 today announced that it has purchased Sprint #39;s wholesale dial-up Internet access business for \$34 million in cash. Sprint is one of the largest providers of wholesale dial-up service to ISPs in North America.,2,Business,2,Business,business,0.8630071878433228,0.10395585000514984,0.015188110992312431,0.8630071878433228,0.01784888096153736
"Michigan Gets Rose Bowl Berth Despite Loss to Ohio St.  COLUMBUS, Ohio (Sports Network) - Troy Smith threw for 241  yards and two touchdowns and ran for 145 yards and a score to  lead the Ohio State Buckeyes to a 37-21 victory over No. 7  Michigan in the final game of the regular season for both  teams.",1,Sports,1,Sports,sports,0.8956769108772278,0.03266862407326698,0.8956769108772278,0.05587175115942955,0.015782637521624565
"Dodgers Nip Giants 3-2 in Crucial Series SAN FRANCISCO - Shawn Green can sit out Saturday knowing he was a huge help to the Dodgers during their crucial series against San Francisco. Green hit a two-run homer in Los Angeles' 3-2 victory over the Giants on Friday night, a day before the first baseman will miss a game to observe the Jewish holiday Yom Kippur...",0,World,1,Sports,sports,0.5884686708450317,0.2200833112001419,0.5884686708450317,0.13116948306560516,0.06027848646044731
CHUCK JAFFE BOSTON (CBS.MW) -- A lot of people got excited when Fidelity Investments announced recently that it was cutting fees on five index mutual funds.,2,Business,2,Business,business,0.7137583494186401,0.17437206208705902,0.0710437074303627,0.7137583494186401,0.04082590714097023
"Moose bullish about chances This is Mike Mussina #39;s fourth postseason here, so he knows the drill. He understands that all of his bad memories of his disappointing season -- the Japan trip, his early-season struggles and ",1,Sports,2,Business,business,0.5400838851928711,0.04289107769727707,0.3941473364830017,0.5400838851928711,0.022877682000398636
A PC in the toaster? How mod! photos There's also room in the humidor and the Darth Vader helmet. Take a gander at some strange and wonderful creations.,3,Sci/Tech,3,Sci/Tech,science and technology,0.3515786826610565,0.21287128329277039,0.20914281904697418,0.2264072149991989,0.3515786826610565
"Hyundai signs deal for China truck plant Hyundai Motor Co. said yesterday that it has signed an agreement with a Chinese company, Jianghuai Automobile Corp., to build a commercial vehicle and engine plant in China #39;s Anhui province.",3,Sci/Tech,2,Business,business,0.781637966632843,0.17871417105197906,0.017159225419163704,0.781637966632843,0.022488582879304886
"Ex-Philly Eagles Coach Nick Skorich Dies (AP) AP - Nick Skorich, head coach of the Philadelphia Eagles from 1961-63 and the offensive line coach on the 1960 championship team, has died at the age of 83.",1,Sports,1,Sports,sports,0.815681517124176,0.11554397642612457,0.815681517124176,0.045319754630327225,0.02345474809408188
Roundup: Pleasantly Perfect takes Pacific Classic Favored Pleasantly Perfect took charge down the stretch to win by a length in the 14th running of the \$1 million Pacific Classic yesterday at Del Mar. Pleasantly ,1,Sports,1,Sports,sports,0.8078321218490601,0.08617627620697021,0.8078321218490601,0.07496512681245804,0.031026499345898628
"Update 1: UAL Posts \$274M Loss, Capping Bad Quarter Record fuel costs and low air fares contributed to a \$274 million third-quarter loss for United Airlines #39; parent company, which warned again that labor costs must be slashed again soon in order for it to emerge from bankruptcy.",2,Business,2,Business,business,0.896111249923706,0.0767938569188118,0.014172871597111225,0.896111249923706,0.012922077439725399
"Bush won #39;t take Iran #39;s word for it CRAWFORD, Texas As President Bush sees it,  quot;the only good deal is one that #39;s verifiable. quot;. He #39;s applauding the efforts of some European countries to get Iran to honor its commitment to refrain from developing nuclear weapons.",0,World,0,World,world news,0.5074142813682556,0.5074142813682556,0.047524869441986084,0.35565003752708435,0.08941086381673813
"Woods on Top at Rain-Soaked Dunlop Phoenix  MIYAZAKI, Japan (Reuters) - Tiger Woods fired a superb  five-under-par 65 in torrential rain to take a three-stoke lead  after the first round of the Dunlop Phoenix tournament  Thursday.",1,Sports,0,World,world news,0.4857804775238037,0.4857804775238037,0.39547204971313477,0.07818270474672318,0.040564775466918945
Sharon 'at risk of assassination' Israel's opposition leader warns that the prime minister risks being assassinated over his Gaza disengagement plan.,0,World,0,World,world news,0.8382183313369751,0.8382183313369751,0.030016502365469933,0.0811142548918724,0.050650909543037415
"President Susilo stresses fighting against graft, terror as &lt;b&gt;...&lt;/b&gt; In line with his pledge made during the election campaign, Indonesian new President Susilo Bambang Yudhoyono stressed the importance of fighting corruption and terror while ",0,World,0,World,world news,0.8240472078323364,0.8240472078323364,0.03714780509471893,0.08570621907711029,0.05309874936938286
"Arson attack on Jewish centre in Paris (AFP) AFP - A Jewish social centre in central Paris was destroyed by fire overnight in an anti-Semitic arson attack, city authorities said.",0,World,0,World,world news,0.8806343078613281,0.8806343078613281,0.024354608729481697,0.05715999752283096,0.037851154804229736
"Bekele, Isinbayeva top track athletes Names Ethiopian distance runner Kenenisa Bekele and Russian pole vaulter Yelena Isinbayeva were named male and female athletes of the year by the world track and field federation. Isinbayeva set eight world records in 2004, including one while winning the gold medal at the Olympics. Bekele won the 10,000 meters in Athens and finished second to Hicham El Guerrouj in ...",1,Sports,1,Sports,sports,0.5770215392112732,0.3775211274623871,0.5770215392112732,0.022057153284549713,0.023400219157338142
"James Lawton: In mourning for big fights of Las Vegas En route to Las Vegas for the world heavyweight title fight between Vitali Klitschko and Britain #39;s Danny Williams, there is, inevitably, an old stirring of that anticipation which is familiar to almost anyone who has attended a big fight.",1,Sports,1,Sports,sports,0.8977838754653931,0.07885406166315079,0.8977838754653931,0.011482898145914078,0.01187915913760662
"Microsoft: No extra licenses needed for multicore chips Customers that use the dual-core processors that Intel Corp. and Advanced Micro Devices Inc. (AMD) are expected to begin shipping next year will not need to buy extra licenses for Microsoft Corp. software, the software maker will announce Tuesday.",3,Sci/Tech,2,Business,business,0.7055933475494385,0.18826091289520264,0.02097230963408947,0.7055933475494385,0.0851733610033989
NASA Cancels Hypersonic Flight NASA scrubbed its mission Monday to launch a pilotless plane that is capable of flying at 10 times the speed of sound. The launch of the X-43A was canceled due to technical problems.,3,Sci/Tech,3,Sci/Tech,science and technology,0.5035824775695801,0.4011622667312622,0.025071391835808754,0.07018386572599411,0.5035824775695801
"Consumer spending jumped in September WASHINGTON - Consumers, who substantially slowed down their spending in late summer, roared back to life in September, boosting their purchases by 0.6 percent.",2,Business,0,World,world news,0.6443601250648499,0.6443601250648499,0.0517355240881443,0.22352905571460724,0.08037525415420532
"Editorial: Sub incident shows China #39;s stripes After days of speculation and a chase by Japanese destroyers and a surveillance plane, it has finally been determined that the nuclear submarine that intruded into Japanese territorial water between Okinawa and Taiwan was Chinese.",0,World,0,World,world news,0.8485620021820068,0.8485620021820068,0.022426672279834747,0.08230583369731903,0.046705566346645355
"Thrashers Owner Fined The NHL fined one of the owners of the Thrashers \$250,000 on Tuesday for saying the league would use replacement players next year if a new collective bargaining agreement isn't reached.",1,Sports,2,Business,business,0.47860756516456604,0.055616240948438644,0.4523546099662781,0.47860756516456604,0.01342164259403944
"Different Shea provides late-game heroics for Hanover Hanover boys' soccer coach Jim Sylvia is beginning to see a pattern in his team's play. Luckily, it's not the kind of trend to complain about.",1,Sports,1,Sports,sports,0.9311297535896301,0.022240834310650826,0.9311297535896301,0.03124210424721241,0.015387245453894138
China rebuffs Powell over Taiwan recommendation China has rebuffed suggestions by US Secretary of State Colin Powell that it consider accepting the Taiwanese President #39;s offer of talks to reduce cross-strait tension.,0,World,0,World,world news,0.7964804768562317,0.7964804768562317,0.022649923339486122,0.13992108404636383,0.040948569774627686
Arsenal only manage draw LONDON - Arsenal manager Arsene Wenger has praised Thierry Henry #39;s speed of thought after the striker stroked home a quick free-kick that helped champions Arsenal to a 2-2 draw against Premiership leaders Chelsea at Highbury last night.,1,Sports,1,Sports,sports,0.4766196012496948,0.2580784559249878,0.4766196012496948,0.2347773313522339,0.03052457422018051
"New Sony PC Boasts 1,000 GB of Storage (AP) AP - Japan's Sony Corp. will begin selling a computer and home-server system in Japan with 1,000 gigabytes of hard-drive storage  #151; enough to record six TV channels for a week straight  #151; the company said.",3,Sci/Tech,2,Business,business,0.48997941613197327,0.40207740664482117,0.03569303825497627,0.48997941613197327,0.07225018739700317
"Two Michigan State receivers arrested on bomb-making charges Two Michigan State football players have been charged with planting homemade bombs outside apartments. Terry Love and Irving Campbell, both 19-year-old redshirt freshmen wide receivers ",1,Sports,1,Sports,sports,0.5319445133209229,0.2400035262107849,0.5319445133209229,0.1499587595462799,0.07809324562549591
"Rebound in US consumer spending US consumer spending rebounded in July, a sign the economy may be emerging from an early summer decline. Consumer spending rose 0.8 last month, boosted by car and retail sales.",2,Business,0,World,world news,0.5268648266792297,0.5268648266792297,0.03411765396595001,0.38034582138061523,0.05867164209485054
"Dogs said to smell cancer signs  LONDON -- It has long been suspected that man's best friend has a special ability to sense when something is wrong with us. Now, the first experiment to verify that scientifically has demonstrated that dogs are able to smell cancer.",0,World,3,Sci/Tech,science and technology,0.4935068190097809,0.44518423080444336,0.019182849675416946,0.042126111686229706,0.4935068190097809
Oil Falls to 4-Month Low on Signs of Heating-Oil Supply Rise Crude oil fell to the lowest in more than four months on speculation that warm weather and increased refinery production bolstered US heating-oil stockpiles last week.,2,Business,0,World,world news,0.5186886787414551,0.5186886787414551,0.049963854253292084,0.3360486328601837,0.09529881924390793
Victory so sweet after Athens collapse BRITAIN #39;S world record holder Paula Radcliffe ran away with the closest women #39;s winning margin in the history of the New York City marathon yesterday.,1,Sports,1,Sports,sports,0.6926589608192444,0.2620582580566406,0.6926589608192444,0.0164995975792408,0.02878320775926113
"Wall St.'s Nest Egg - the Housing Sector  NEW YORK (Reuters) - If there were any doubts that we're  still living in the era of the stay-at-home economy, the rows  of empty seats at the Athens Olympics should help erase them.",2,Business,2,Business,business,0.41267362236976624,0.24526053667068481,0.3215077817440033,0.41267362236976624,0.02055811695754528
"Deutsche Bank to Sell Scudder Business to Legg Mason Deutsche Bank AG of Germany plans to sell its New York, Philadelphia, Cincinnati and Chicago offices of Scudder Private Investment Counsel to Legg Mason Inc. for \$55 million, plus payments of up to \$26 million, the company said Monday.",2,Business,2,Business,business,0.8959342837333679,0.08223726600408554,0.009786627255380154,0.8959342837333679,0.012041827663779259
Van driven by Arsenal quest for glory There #39;s little danger of Robin Van Persie getting carried away with himself. After scoring a dramatic first Premiership goal with the injury-time equaliser against Southampton ,1,Sports,2,Business,business,0.5517217516899109,0.05214022099971771,0.3755440413951874,0.5517217516899109,0.02059401385486126
Oil Prices Sink to a Four-Month Low  LONDON (Reuters) - Oil prices sank to a four-month low  below \$41 for U.S. crude on Wednesday after leading OPEC  producer Saudi Arabia questioned the need for the cartel to  curb supplies.,2,Business,0,World,world news,0.7589349150657654,0.7589349150657654,0.020494746044278145,0.17739048600196838,0.043179817497730255
"Symantec Said to Be in Talks for Veritas Symantec, which produces the Norton line of computer products, is in talks to acquire Veritas Software, a maker of data backup programs.",2,Business,2,Business,business,0.8070332407951355,0.11304592341184616,0.019603541120886803,0.8070332407951355,0.06031731888651848
"Gold Fields loses high court bid to halt Harmony takeover South African mining giant Gold Fields lost a high court bid to halt a hostile takeover by rival Harmony Gold, which is seeking to create the world #39;s biggest gold producer, a court official said.",2,Business,2,Business,business,0.5258352756500244,0.42841702699661255,0.018799621611833572,0.5258352756500244,0.02694813348352909
"Google Enhances Discussion Groups Google is improving on the discussions its popular Web site hosts, hoping the upgrades will spur more online banter and make its market-leading search engine a richer destination.",3,Sci/Tech,2,Business,business,0.6063609719276428,0.2076217234134674,0.06371533125638962,0.6063609719276428,0.12230195105075836
"The Handbag? Total Knockoff. The Price Tag? All Too Real. It is as much a rite of the New York holiday season as sidewalk Santas or crowded Fifth Avenue sidewalks: the proliferation of hawkers selling counterfeit products like the fake Fendi handbag, the replica Rolex watch and the pirated DVD.",2,Business,2,Business,business,0.5662131905555725,0.2309194803237915,0.1199265643954277,0.5662131905555725,0.08294079452753067
"Bedding Blip? Go Back to Sleep This is getting old. Every time Hidden Gems selection Select Comfort (Nasdaq: SCSS) gets settled in and ready for a long night #39;s rest full of dreams of two-times-in-three-years capital gains, along ",2,Business,2,Business,business,0.673643171787262,0.10930153727531433,0.09254440665245056,0.673643171787262,0.12451090663671494
"Mars water tops science honours The discovery that salty, acidic water once flowed across the surface of Mars has topped a list of the 10 key scientific advances of 2004.",0,World,3,Sci/Tech,science and technology,0.7926632761955261,0.16205859184265137,0.025430243462324142,0.019847918301820755,0.7926632761955261
"France, Ivory Coast relations worsen Nine French peacekeepers were killed during an air raid by Ivorian bombers more than a week ago. France responded by destroying most of the Ivorian air force.",0,World,0,World,world news,0.6696299910545349,0.6696299910545349,0.07422535866498947,0.1480788141489029,0.1080658808350563
"WordsWorth Books files Chapter 11 WordsWorth Books, a Harvard Square institution for 29 years, yesterday filed for bankruptcy protection, as its owners seek a buyer or investor to help the independent bookseller compete with giant rivals like Amazon.com.",2,Business,2,Business,business,0.8924897313117981,0.07611183822154999,0.01736040972173214,0.8924897313117981,0.014038034714758396
"Toys Will Be Toys Trust me, you don #39;t want to see desperate parents shopping over the holidays. I was at Circuit City (NYSE: CC) last week and saw a mother pleading with a sales clerk for a Nintendo DS portable video game system.",3,Sci/Tech,2,Business,business,0.71199631690979,0.14734593033790588,0.08048436045646667,0.71199631690979,0.060173384845256805
"Vodafone begins 3G service Vodafone launches its third-generation services for mobile phones, offering video calls, music downloads and games.",2,Business,2,Business,business,0.5502339601516724,0.3088240623474121,0.048991117626428604,0.5502339601516724,0.09195084124803543
Klitschko too good for Williams Vitali Klitschko proved too strong for Danny Williams as he retained his world championship crown in Las Vegas last night. Williams vowed to continue boxing despite being outclassed by Klitschko.,1,Sports,1,Sports,sports,0.4682985842227936,0.4189024269580841,0.4682985842227936,0.08568674325942993,0.027112165465950966
"Georgia Evolution Dispute Embarrasses Some Atlanta, Nov. 11 - First, Georgia #39;s education chief tried to take the word  quot;evolution quot; out of the state #39;s science curriculum.",3,Sci/Tech,3,Sci/Tech,science and technology,0.7232459187507629,0.18210767209529877,0.027195626869797707,0.06745072454214096,0.7232459187507629
"Earth's Solar System Shaped by Brush with Star, Astronomers Say (SPACE.com) SPACE.com - The outer reaches of our solar system may have been shaped long ago by a close encounter with another star that tore up both nascent planetary systems like colliding buzz saws, astronomers said today.",3,Sci/Tech,3,Sci/Tech,science and technology,0.5809018611907959,0.3393982946872711,0.027730142697691917,0.051969707012176514,0.5809018611907959
Oil Down 3 Pct. as U.S. Winter Stays Mild  NEW YORK (Reuters) - Oil prices slid 3 percent on Monday on  expectations that more mild U.S. weather at the start of the  New Year will limit heating oil demand.,2,Business,0,World,world news,0.6880890130996704,0.6880890130996704,0.040629707276821136,0.19360575079917908,0.07767550647258759
"Dell AC Adaptors Recalled October 8, 2004 - Dell Inc. is recalling about 2.9 million AC adapters nationwide_ 4.4 million worldwide_ used with notebook personal computers because they can overheat and cause a fire and electrical shock ",3,Sci/Tech,2,Business,business,0.5068689584732056,0.33344537019729614,0.05316603183746338,0.5068689584732056,0.1065196692943573
"Bush takes a double-digit lead as Kerry campaign struggles to regroup (AFP) AFP - George W. Bush took a double-digit lead in what had been a neck-and-neck presidential election contest, prompting Democratic challenger John Kerry to refocus his campaign on bread-and-butter economic issues, where the Republican incumbent president is considered vulnerable.",0,World,0,World,world news,0.6257888674736023,0.6257888674736023,0.02516886405646801,0.3154571056365967,0.03358520194888115
Cardinals Outslug Astros to Take Opening Game  NEW YORK (Reuters) - Jim Edmonds hit a three-run double to  key a six-run sixth inning as the St Louis Cardinals beat the  Houston Astros 10-7 in the opening game of the National League  Championship Series at Busch Stadium on Wednesday.,1,Sports,1,Sports,sports,0.6659185886383057,0.23834621906280518,0.6659185886383057,0.07211733609437943,0.02361781895160675
"22 killed, 100 injured in Nagaland twin blasts : India News  gt; Guwahati, Oct 2 : At least 22 people, including women and children, were killed and over 100 injured when two simultaneous landmine blasts ripped through the busy railway station here and a crowded market place of this commercial town of ",0,World,0,World,world news,0.6299257874488831,0.6299257874488831,0.0699290782213211,0.2016443908214569,0.09850078076124191
"Lucent's history a case study in wild rides If you've ever wondered what ignited America's late-1990s obsession with telecom and tech stocks, you could well argue it all started with Lucent Technologies .",2,Business,2,Business,business,0.6361752152442932,0.1630246639251709,0.04128159210085869,0.6361752152442932,0.15951848030090332
"Students crazy about iPod follow the music to Apple laptops (USATODAY.com) USATODAY.com - Apple's trendy iPod digital music player, which has revitalized the company, is giving laptop sales a boost during back-to-school season.",3,Sci/Tech,0,World,world news,0.3760460615158081,0.3760460615158081,0.09425775706768036,0.2317023128271103,0.29799389839172363
"Patriots have memory to feel sorry about Do not bring up last season. Patriots coach Bill Belichick despises talk of the past, except when it helps him prepare his team for the upcoming week.",1,Sports,2,Business,business,0.8979809284210205,0.010537449270486832,0.08594345301389694,0.8979809284210205,0.005538187921047211
Sri Lanka batsman fined as Pakistan tie series Sri Lanka #39;s Kumar Sangakkara has been fined 30 of his match fee for showing dissent during the fourth day of the second Test against Pakistan in Karachi.,1,Sports,1,Sports,sports,0.551077127456665,0.26941433548927307,0.551077127456665,0.14346493780612946,0.03604363650083542
"General Mills converting all US cereals to whole grain GOLDEN VALLEY, Minn. -- Breakfast cereal maker General Mills is converting all of its cereals to whole grain. The company says it becomes the first leading food company to make the move involving cereals.",2,Business,2,Business,business,0.734352171421051,0.2126045823097229,0.012661668471992016,0.734352171421051,0.04038162901997566
Butt waits on Uefa ruling Newcastle midfielder Nicky Butt is facing up to the possibility of a European three-match ban. The 29-year-old was sent off during Newcastle #39;s 2-0 Uefa Cup win against Hapoel Bnei Sakhnin for grabbing Abas Suan by the throat.,1,Sports,1,Sports,sports,0.6428975462913513,0.18180900812149048,0.6428975462913513,0.14850720763206482,0.02678629383444786
"Taking Advantage of the Terminally Stupid Would you pay \$4 for something that, at best, is worth a dime? Concord Communications shareholders would.",2,Business,2,Business,business,0.7933822274208069,0.12226486206054688,0.03961551934480667,0.7933822274208069,0.04473736882209778
West Japan on Guard for Aftershocks After Quakes  TOKYO (Reuters) - Residents of western Japan were warned of  possible aftershocks on Monday after two strong earthquakes the  previous day but authorities said the tremors were not directly  linked to a cycle of major seismic activity that hits the  region every century or so.,0,World,0,World,world news,0.7195281386375427,0.7195281386375427,0.061921603977680206,0.09295988082885742,0.12559036910533905
Bush Blames Poorly Made Shirt for Bulge (AP) AP - President Bush sees the value  #151; and the humor  #151; in the idea that aides could secretly feed him advice through a radio receiver hidden on his back.,0,World,0,World,world news,0.7815347909927368,0.7815347909927368,0.05733918026089668,0.09017354995012283,0.07095249742269516
Black Watch troops move into position The first units of a Black Watch battlegroup are due to arrive today in their new positions south of Baghdad as Tony Blair indicated that more British troops may replace them in the American-controlled zone before the end of the year.,0,World,0,World,world news,0.7458900213241577,0.7458900213241577,0.03239009529352188,0.17981994152069092,0.0418999157845974
Are Gunners in crisis? Gunners have won just one of their last six Prem- iership games and could go out of the Champions League if they fail to beat Rosenborg on Tuesday.,1,Sports,1,Sports,sports,0.4498807489871979,0.23309877514839172,0.4498807489871979,0.26626279950141907,0.05075760930776596
BSkyB sees profits rise after strong subscriber growth (AFP) AFP - British satellite broadcaster BSkyB said profit rose by 16 percent in the first quarter as the group enjoyed strong subscriber growth in the run-up to the key Christmas trading period.,0,World,2,Business,business,0.6279101967811584,0.3250267505645752,0.0234827883541584,0.6279101967811584,0.023580290377140045
Al Qaeda Urge Wide-Scale Muslim Resistance Al Qaeda #39;s No. 2 man Ayman Zawahiri called for an all-out armed resistance in the Muslim world against the West and Jews whom he described as crusaders.,0,World,0,World,world news,0.8366584777832031,0.8366584777832031,0.04251570627093315,0.050847020000219345,0.0699787586927414
Final Round in Cable-ISP Fight The U.S. Supreme Court has agreed to hear whether cable operators must give access to their lines to third-party ISPs. Michael Grebb reports from Washington.,3,Sci/Tech,2,Business,business,0.6243151426315308,0.30271443724632263,0.023103579878807068,0.6243151426315308,0.04986683279275894
"For starters, Giants #39; Manning on mark Manning had a decent debut as a starter, but Delhomme overshadowed the No. 1 pick in the NFL Draft by throwing for a touchdown and running for another in the Carolina Panthers #39; 27-20 exhibition victory last night over ...",1,Sports,1,Sports,sports,0.8829517960548401,0.023710835725069046,0.8829517960548401,0.07623022794723511,0.017107117921113968
"PeopleSofts big bash See you next year in Las Vegas , proclaimed a marquee at the PeopleSoft user conference in San Francisco in late September. It was one of many not-so-subtle attempts by the company to reassure its customers ",2,Business,2,Business,business,0.755486249923706,0.11653656512498856,0.06365053355693817,0.755486249923706,0.06432667374610901
EBay #39;s Buy Of Rent.com May Lack Strategic Sense Standard  amp; Poor #39;s Equity Research said the purchase of Rent.com by eBay (nasdaq: EBAY - news - people ) could be a bit of a miscalculation.,2,Business,2,Business,business,0.8233020901679993,0.13769498467445374,0.016147147864103317,0.8233020901679993,0.022855792194604874
"Sharon to Hold Tense Meeting With Settlers JERUSALEM - After more than a year of avoiding Jewish settlers, Israeli Prime Minister Ariel Sharon has decided to directly confront his former supporters in a meeting about his contentious plan to withdraw from the Gaza Strip and part of the West Bank.    Sharon invited settler leaders to meet with him in Jerusalem on Sunday, just a week before he presents his ""disengagement"" plan to parliament...",0,World,0,World,world news,0.4726010859012604,0.4726010859012604,0.055527325719594955,0.42506733536720276,0.04680420830845833
"Black Market in British Treasure Sold on EBay (Reuters) Reuters - Pieces of Britain's past, including a\second-century silver ring and a 500-year-old Tudor trade\weight, are among artifacts being peddled daily on the Internet\to the alarm of experts at the British Museum.",0,World,0,World,world news,0.6834726333618164,0.6834726333618164,0.025244466960430145,0.23438099026679993,0.056901901960372925
Flat-screen TV prices are falling for holidays But trend provokes industry unrest; panel makers call for drop in retail markups to move units. By Evan Ramstad and Gary McWilliams.,3,Sci/Tech,2,Business,business,0.8636926412582397,0.06374070048332214,0.021330377086997032,0.8636926412582397,0.05123626068234444
"House passes bill to criminalize spyware fraud The House Thursday passed a bill that would criminalize the use of spyware to commit fraud or other crimes, adding an additional two to five years to federal sentences.",3,Sci/Tech,0,World,world news,0.45106014609336853,0.45106014609336853,0.08128683269023895,0.3291725218296051,0.138480544090271
"Dollar Stuck, CPI Offers Little Direction  TOKYO (Reuters) - The dollar moved in tight ranges on  Wednesday as most investors shrugged off lower-than-expected  U.S. inflation data and stuck to the view the U.S. Federal  Reserve would continue raising rates.",2,Business,0,World,world news,0.6675668358802795,0.6675668358802795,0.03844114765524864,0.235149085521698,0.0588429719209671
"Chile's Lagos Receives Torture Commission Report &lt;p&gt;&lt;/p&gt;&lt;p&gt; By Ignacio Badal&lt;/p&gt;&lt;p&gt; SANTIAGO, Chile (Reuters) - Chilean President Ricardo Lagosreceived a chilling report on Wednesday from a governmentcommission that interviewed more than 30,000 victims tochronicle for the first time the systematic use of tortureduring Augusto Pinochet's 1973-1990 dictatorship.&lt;/p&gt;",0,World,0,World,world news,0.8362447619438171,0.8362447619438171,0.04116032272577286,0.06726732850074768,0.05532759800553322
Greenspan Worried Congress to Bar Options Expensing  WASHINGTON (Reuters) - Federal Reserve Chairman Alan  Greenspan on Friday said he was very worried Congress would try  to thwart efforts by the Financial Accounting Standards Board  to require expensing of stock options.,2,Business,0,World,world news,0.5710832476615906,0.5710832476615906,0.040671054273843765,0.3359650671482086,0.0522807277739048
"NHL Owner Is Criticized for Talking of Replacement Players The day before the regular season was supposed to open, the National Hockey League rebuked a team official yesterday for his comments about the league #39;s strategy in its labor lockout, its second in a decade.",1,Sports,1,Sports,sports,0.7309150099754333,0.028811350464820862,0.7309150099754333,0.23422375321388245,0.006049873773008585
"NASA Leader Cites Finances and Submits His Resignation Sean O #39;Keefe resigned as NASA administrator on Monday, saying he is leaving the position he has held for three years to pursue better economic opportunity for his family.",3,Sci/Tech,2,Business,business,0.7267338037490845,0.08585439622402191,0.013606342487037182,0.7267338037490845,0.17380541563034058
"Bad Day for Drug Companies - and Patients  LONDON (Reuters) - Investors in pharmaceuticals were dealt  a triple whammy on Friday as Pfizer Inc, AstraZeneca Plc and  Eli Lilly and Co all shocked the market with bad news about key  products.",2,Business,2,Business,business,0.6137863993644714,0.3103002905845642,0.007411465514451265,0.6137863993644714,0.06850183755159378
"Why Putin is backing Kyoto again Why did Russian President Vladimir Putin decide to ratify the Kyoto Protocol on climate change last week, only six months after his top adviser, Andrei Illarionov, called it a  quot;death treaty?",0,World,0,World,world news,0.8247453570365906,0.8247453570365906,0.04008226841688156,0.08105345070362091,0.05411894991993904
Longhorns face steeper competition against Razorbacks The University of Texas football team is coming off a 65-0 victory over the North Texas Eagles. Texas dominated every facet of the game against the Eagles.,1,Sports,1,Sports,sports,0.8284084796905518,0.0633232370018959,0.8284084796905518,0.08408373594284058,0.024184580892324448
"Zeman #39;s Lecce enjoy heady heights of Serie A When Lecce sold their prolific Uruguayan striker Ernesto Chevanton to French club Monaco in the close-season, many pundits added the southern club to the list of favourites for relegation.",1,Sports,1,Sports,sports,0.4681883156299591,0.16338185966014862,0.4681883156299591,0.3159262239933014,0.052503552287817
An Afghan 'hanging chad' dispute An independent inquiry is helping to defuse a controversy over ink used in Saturday's election.,0,World,0,World,world news,0.7303105592727661,0.7303105592727661,0.04175695404410362,0.12453668564558029,0.10339583456516266
"Calif. Mental Health Services May Expand (AP) AP - As pressures increase on California's mental health system, its workers and advocates say they are forced to do more with a supply of money that seems to shrink each year.",0,World,0,World,world news,0.665465235710144,0.665465235710144,0.040430136024951935,0.16803878545761108,0.12606586515903473
"Microsoft To OK One License for Multicore Chips Customers who use the dual-core processors that Intel and Advanced Micro Devices are expected to begin shipping next year will not need to buy extra licenses for Microsoft software, the software maker will announce next week.",3,Sci/Tech,2,Business,business,0.6650429964065552,0.1939234882593155,0.027977967634797096,0.6650429964065552,0.1130555048584938
"Jaguar Exit Throws F1 Deeper Into Turmoil  LONDON (Reuters) - Formula One, already struggling to shape  its future and put on a show, is staring into the abyss after  Ford's decision to pull out and sell its Jaguar team.",1,Sports,0,World,world news,0.3937033712863922,0.3937033712863922,0.327738493680954,0.2538905441761017,0.024667562916874886
Kiwis trample USrookies LONDON -Nathan Astle #39;s 145 helped give New Zealand a record-setting 210-run victory over cricket rookie United States in the ICC Champions Trophy Pool A match at the Oval yesterday.,1,Sports,1,Sports,sports,0.544896125793457,0.3452518880367279,0.544896125793457,0.07837789505720139,0.03147411718964577
"Stability Control Systems Can Save Lives (AP) AP - Stability control systems could save up to 7,000 lives each year if they were standard equipment on all vehicles, according to a study by the insurance industry.",0,World,0,World,world news,0.6464828848838806,0.6464828848838806,0.01782040111720562,0.17902828752994537,0.15666845440864563
"Two hurricanes = two deductibles Many homeowners in the Orlando area suffered a double blow when hurricanes Charley and Frances struck in quick succession. Now, they #39;re smarting from a financial one-two punch - two insurance deductibles.",2,Business,2,Business,business,0.5296499729156494,0.27654948830604553,0.08826711773872375,0.5296499729156494,0.10553339868783951
"Lawmakers give the space agency greater flexibility in its new &lt;b&gt;...&lt;/b&gt; After a year of wrangling over NASA #39;s \$16.2 billion budget, lawmakers have delivered in a big way, giving the space agency its full funding request and unprecedented spending flexibility.",3,Sci/Tech,3,Sci/Tech,science and technology,0.35785603523254395,0.2589120864868164,0.03721698001027107,0.34601494669914246,0.35785603523254395
NASA Space Station Status Report 10 December 2004 International Space Station crewmembers this week continued research and maintenance activities and prepared for arrival of the next Progress cargo craft.,3,Sci/Tech,3,Sci/Tech,science and technology,0.6621847152709961,0.12868466973304749,0.05813683569431305,0.15099377930164337,0.6621847152709961
"Chicken Genome Sheds New Light on Human DNA A new study states that 60 of the genes in chicken have close relations to human DNA. This may not comfort those who frequently eat the creature, but may ponder this the next time they order a batch of chicken wings.",3,Sci/Tech,3,Sci/Tech,science and technology,0.693854808807373,0.2207280695438385,0.03763555362820625,0.04778153821825981,0.693854808807373
No. 2 Wake Forest Rips George Washington (AP) AP - Chris Paul scored 25 points and six assists to lift Wake Forest past George Washington 97-76 in the Preseason NIT in the Demon Deacons' debut as the nation's second-ranked team.,1,Sports,1,Sports,sports,0.6508036851882935,0.1858009397983551,0.6508036851882935,0.1217128336429596,0.04168250411748886
Stocks Seen Flat as Earnings Pour In US stock futures pointed to a flat market open Thursday as a rush of quarterly earnings reports painted a mixed picture for corporate profits amid lingering worries over the high price of oil.,2,Business,2,Business,business,0.5663918852806091,0.3742411732673645,0.020442212000489235,0.5663918852806091,0.0389246828854084
"Symonds century lifts Australia LONDON, England -- Andrew Symonds rode his luck to score the second one-day century of his career as Australia scored 269-6 from their 50 overs against Pakistan at Lord #39;s.",1,Sports,1,Sports,sports,0.4764706492424011,0.39971619844436646,0.4764706492424011,0.07426410168409348,0.049549102783203125
"UCLA, Notre Dame Win Soccer Matchups (AP) AP - UCLA soccer coach Jillian Ellis was happy to beat her best friend, Princeton counterpart Julie Shackford. After all, a spot in the NCAA championship game was on the line.",1,Sports,1,Sports,sports,0.9167638421058655,0.03775731846690178,0.9167638421058655,0.03600819408893585,0.009470649994909763
"Tests Show James Died of Heart Attack LOS ANGELES - Toxicology and other tests determined that funk singer Rick James died last month from a heart attack due to an enlarged heart, with numerous drugs including methamphetamine and cocaine contributing factors, the county coroner announced Thursday.    The death was declared an accident, said coroner's spokesman David Campbell, who emphasized that none of the drugs were found to be at life-threatening levels...",0,World,0,World,world news,0.4273114800453186,0.4273114800453186,0.1371796727180481,0.20438052713871002,0.23112839460372925
"Thaksin in the Firing Line After Massacre BANGKOK/JEDDAH, 29 October 2004 - A bomb ripped through two bars in southern Thailand yesterday, killing two people and wounding about 20, in what could be the first reaction to the deaths of 78 Muslims in police custody this week.",0,World,0,World,world news,0.7978470325469971,0.7978470325469971,0.05304060876369476,0.07731612771749496,0.07179626077413559
It #39;s About Time Sox Became The Champs  And Real Rivals Finally. the New York Yankees and the Boston Red Sox have a bona fide rivalry. Please don #39;t assume that this belongs on the sports pages.,1,Sports,1,Sports,sports,0.5448212027549744,0.093054860830307,0.5448212027549744,0.3172238767147064,0.044900041073560715
"France surges into Fed Cup final Defending champion France surged into the Fed Cup final, completing a 5-0 sweep of Spain on Thursday behind singles victories by Nathalie Dechy and Tatiana Golovin.",1,Sports,1,Sports,sports,0.4656496047973633,0.41719678044319153,0.4656496047973633,0.08060644567012787,0.036547161638736725
"Safin tallest obstacle to host #39;s patriotic games hope AS tennis fans go, Houston #39;s Jim  #39;Mattress Mack #39; McIngvale is very rich, extremely forthright, exceedingly patriotic and unflinchingly Republican.",1,Sports,1,Sports,sports,0.9062067270278931,0.034339576959609985,0.9062067270278931,0.026853332296013832,0.03260033577680588
"Video phones act as dating tools Plus: At 80, fractal discoverer Benoit Mandelbrot says he has much math work left to do. News.com Extra",3,Sci/Tech,3,Sci/Tech,science and technology,0.7315523028373718,0.24609702825546265,0.006616107653826475,0.01573452539741993,0.7315523028373718
"Fannie Mae agrees to accounting changes Fannie Mae, facing questions about its accounting similar to those that shook up Freddie Mac last year, has agreed to changes that will bring it in compliance with accounting standards.",2,Business,2,Business,business,0.6610062122344971,0.2651388347148895,0.0375254787504673,0.6610062122344971,0.036329563707113266
"Mobile phone  #39;deafness #39; risk p2pnet.net News:- Defects in Siemens 65 series mobile phones could cause deafness, says the company.  quot;In extreme cases, this volume could lead to hearing damage.",3,Sci/Tech,0,World,world news,0.6714734435081482,0.6714734435081482,0.030366456136107445,0.19059836864471436,0.10756175220012665
"Intel Delays Launch of Projection TV Chip In another product postponement, semiconductor giant Intel Corp. said it won't be offering a chip for projection TVs by the end of 2004 as it had announced earlier this year.",3,Sci/Tech,2,Business,business,0.5771012306213379,0.2578739821910858,0.026885613799095154,0.5771012306213379,0.13813920319080353
"Colts 49, Texans 14 INDIANAPOLIS Peyton Manning completed 18 of 27 passes for 320 yards and threw five touchdowns as the Indianapolis Colts beat the Houston Texans, 49-to-14.",1,Sports,1,Sports,sports,0.8284813165664673,0.06592312455177307,0.8284813165664673,0.07324884086847305,0.032346658408641815
"PeopleSoft gives in to Oracle, takes bid PeopleSoft Inc. capitulated to Oracle Corp., accepting a sweetened \$10.3 billion takeover offer to end an 18-month battle that pitted PeopleSoft against its investors and led to the ouster of its chief executive.",2,Business,2,Business,business,0.8185988664627075,0.13849499821662903,0.0171120036393404,0.8185988664627075,0.025794122368097305
"Secretary Rumsfeld Remarks En Route to El Salvador SEC. RUMSFELD: As you know, were going to be stopping in El Salvador and Nicaragua and Panama and Ecuador. The first stops will be visits to the places, particularly El Salvador and Nicaragua - countries ",0,World,0,World,world news,0.5179543495178223,0.5179543495178223,0.03188331425189972,0.41307514905929565,0.037087198346853256
Prosecutor Seeks 8-Year Jail Term for Italy's PM  MILAN (Reuters) - An Italian prosecutor asked a court on  Friday to sentence Silvio Berlusconi to eight years in jail for  bribing judges as the prime minister's four-year corruption  trial reached its closing stages.,0,World,0,World,world news,0.7430042624473572,0.7430042624473572,0.03907649964094162,0.1740536391735077,0.04386553913354874
Virus writers look for work THE WRITERS of the MyDoom viruses are encoding job applications into the latest variants of the bug. According to Sophos the plea for work was found when its boffins were stripping the code of the MyDoom-U and MyDoom-V variants.,3,Sci/Tech,2,Business,business,0.8731244802474976,0.048821259289979935,0.012300977483391762,0.8731244802474976,0.06575330346822739
"Zambrano Out Early; So Are Mets ENVER, Aug. 17 - Victor Zambrano came to the Mets with radical movement on his pitches, fixable flaws in his delivery and a curious sore spot lingering around his right elbow. ",1,Sports,1,Sports,sports,0.5723110437393188,0.21029718220233917,0.5723110437393188,0.16557015478610992,0.05182156339287758
Key Martha Witness Gets Wrist Slap (CBS/AP) A former brokerage assistant who helped Martha Stewart make her fateful stock trade and later emerged as a key government witness was spared both prison and probation Friday for accepting a payoff during the government #39;s investigation.,2,Business,2,Business,business,0.47379085421562195,0.3465590178966522,0.09869743138551712,0.47379085421562195,0.08095262944698334
Australia turns down plea for more troops to protect UN staff in Iraq (AFP) AFP - Australia has turned down a diplomatic plea for a contribution to a military force to protect United Nations (UN) personnel in Iraq.,0,World,0,World,world news,0.9036179780960083,0.9036179780960083,0.021609652787446976,0.047243569046258926,0.027528787031769753
"Delay in Shuttle Flights The battering that the hurricanes of the last month has inflicted on NASA centers could strain an already tight schedule for resuming shuttle flights, but it is too early to tell how badly, experts said Thursday.",3,Sci/Tech,3,Sci/Tech,science and technology,0.3661467730998993,0.2984911799430847,0.051162123680114746,0.28419986367225647,0.3661467730998993
"Oracle #39;s sweet on PeopleSoft Oracle sweetened its hostile bid for rival business software maker PeopleSoft to \$9.2 billion, a 14 increase aimed at resolving the long-running takeover battle between the bitter foes.",2,Business,2,Business,business,0.907817542552948,0.058579277247190475,0.013362406753003597,0.907817542552948,0.020240794867277145
"Jags Cut Compton, Maddox (AP) AP - Veteran offensive lineman Mike Compton and rookie defensive tackle Anthony Maddox were among the 12 players cut by the Jacksonville Jaguars on Sunday.",1,Sports,2,Business,business,0.45090216398239136,0.301260381937027,0.2015230804681778,0.45090216398239136,0.04631444439291954
"Chirac #39;s tour of China magnifies partnership Dialogue between China and France, two countries which highly value cultural diversity and pluralism in international politics, is no doubt conducive to world peace.",0,World,0,World,world news,0.7367646098136902,0.7367646098136902,0.0594964362680912,0.10090909153223038,0.10282989591360092
"Northern Irish Protestant group pledges to end violence Northern Ireland #39;s main pro-British paramilitary group, The Ulster Defence Association (UDA), has pledged to end all violence and work towards complete disarmament.",0,World,0,World,world news,0.4620462954044342,0.4620462954044342,0.1421147882938385,0.2511981725692749,0.1446406990289688
Collaboration suite to help secure tonight's Bush-Kerry debate The U.S. Secret Service and a throng of police and emergency management officials in Missouri will for the first time use a customized Microsoft-based collaboration portal to share security information during tonight's presidential debate.,3,Sci/Tech,2,Business,business,0.485992431640625,0.38738492131233215,0.03929297626018524,0.485992431640625,0.08732972294092178
Update: PeopleSoft board won't negotiate Oracle takeover PeopleSoft executives said over the weekend that they won't discuss a sale to Oracle at a price of \$24 per share but would consider an offer at a higher price.,3,Sci/Tech,2,Business,business,0.7891349196434021,0.12236732989549637,0.037563174962997437,0.7891349196434021,0.05093458667397499
"Philippine Rebels Free Troops, Talks in Doubt  PRESENTACION, Philippines (Reuters) - Philippine communist  rebels freed Wednesday two soldiers they had held as ""prisoners  of war"" for more than five months, saying they wanted to  rebuild confidence in peace talks with the government.",0,World,0,World,world news,0.8336740136146545,0.8336740136146545,0.03750045225024223,0.07824487239122391,0.05058060586452484
"September Retail Sales Up by 1.5 Percent WASHINGTON - Shoppers got their buying groove back last month, propelling sales at the nation's retailers by a strong 1.5 percent. It was the best showing since March...",0,World,2,Business,business,0.7380431294441223,0.18935568630695343,0.03163370117545128,0.7380431294441223,0.04096756875514984
"Parmalat Investors Flock to Court Seeking Damages (Update2) Hundreds of Italians who lost savings in the collapse of food company Parmalat Finanziaria SpA flocked to Milan #39;s courthouse, seeking to recover damages as part of the criminal investigation of Italy #39; biggest bankruptcy.",2,Business,2,Business,business,0.5483616590499878,0.3889300227165222,0.029337331652641296,0.5483616590499878,0.03337099775671959
"Eight children stabbed to death as they sleep A man broke into a school dormitory and stabbed eight sleeping children to death before fleeing. The murders at the Ruzhou No2 Senior Middle School in Pingdingshan, in the central province of Henan, was the ",0,World,0,World,world news,0.6410634517669678,0.6410634517669678,0.08678112179040909,0.13607855141162872,0.13607685267925262
"VARs: Stone #39;s Exit Won #39;t Slow Novell #39;s Linux Drive Solution providers last week said they do not expect the sudden departure of Novell vice chairman Chris Stone, who engineered the company #39;s aggressive Linux push, to slow its Linux initiative.",3,Sci/Tech,2,Business,business,0.8052446246147156,0.08222363889217377,0.035873476415872574,0.8052446246147156,0.07665831595659256
"North Korea Seen as Tying Nuclear Talks to US Election North Korea is waiting out the American presidential election in order to bargain with the winner over its nuclear weapons program, according to analysts here and a British diplomat who left Pyongyang today.",0,World,0,World,world news,0.7188456654548645,0.7188456654548645,0.025435037910938263,0.18327170610427856,0.07244758307933807
"Panasonic, Toshiba delve into alternate energy A new home heating system from Panasonic is based on a hydrogen fuel cell; it both heats the house and produces hot water.",3,Sci/Tech,3,Sci/Tech,science and technology,0.6599025130271912,0.1520426869392395,0.025067748501896858,0.16298706829547882,0.6599025130271912
 #39;Hawks primed to finally surpass Rams Editor #39;s note: ESPN senior NFL writer John Clayton #39;s weekly  quot;First And 10 quot; column takes you around the league with a look at the best game of the week followed by primers for 10 other games.,1,Sports,1,Sports,sports,0.9417827725410461,0.009783119894564152,0.9417827725410461,0.0414101742208004,0.007023970130831003
Eurostocks Nudge Up on Ericsson  PARIS (Reuters) - European shares nosed up on Wednesday as  Ericsson gained on news it had won part of \$4-billion Cingular  deal and with Glaxo buoyed after Pfizer affirmed its outlook.,2,Business,2,Business,business,0.5844451785087585,0.3253592550754547,0.02352239191532135,0.5844451785087585,0.0666731595993042
"Virus-Free Macs  #147;The single most effective way to avoid viruses and spyware is to simply chuck Windows altogether and buy an Apple Macintosh, #148; writes Walt Mossberg in the Wall Street Journal.  #147;There has never been a successful virus written for Mac OS X, and there is almost no spyware that targets the Mac. Plus, the Mac is invulnerable to viruses and spyware written for Windows. Not only is it more secure, but the Mac operating system is more capable, more modern and more attractive than Windows XP, and just as stable. #148; Sep 17",3,Sci/Tech,2,Business,business,0.7191779017448425,0.11030125617980957,0.043108295649290085,0.7191779017448425,0.1274125725030899
"Siemens Says Cellphone Flaw May Hurt Users and Its Profit Siemens, the world #39;s fourth-largest maker of mobile phones, said Friday that a software flaw that can create a piercing ring in its newest phone models might hurt earnings in its handset division.",2,Business,2,Business,business,0.8193555474281311,0.15035833418369293,0.005100448150187731,0.8193555474281311,0.02518565207719803
Silvestre #39;s double goals help Man. United beat Liverpool Silvestre became Man. United #39;s hero as he scored twice to lift a 2-1 victory over Liverpool for home side when all eyes were on Rio Ferdinand as he returned after an eight-match ban on Monday.,1,Sports,1,Sports,sports,0.6837088465690613,0.17166420817375183,0.6837088465690613,0.1133376881480217,0.03128919005393982
"Strong Earthquake Strikes Central Calif. PARKFIELD, Calif. - A strong earthquake struck Central California on Tuesday that was felt from San Francisco to the Los Angeles area...",0,World,0,World,world news,0.46139371395111084,0.46139371395111084,0.11583368480205536,0.1941305696964264,0.2286420315504074
Lehmann may have played last Test The 34-year-old tore his right hamstring on day one of the third Test against India at the VCA Ground just as he was presenting a very good case to be retained when captain Ricky Ponting returns from injury next week.,1,Sports,1,Sports,sports,0.6456594467163086,0.12941640615463257,0.6456594467163086,0.1922803372144699,0.032643817365169525
Russian space agency: Space station crew could be forced to return &lt;b&gt;...&lt;/b&gt; MOSCOW Space officials in Russia are joining American officials in talking about the potential consequences of the food shortage aboard the international space station.,3,Sci/Tech,0,World,world news,0.5291958451271057,0.5291958451271057,0.029964717105031013,0.13209691643714905,0.3087425231933594
"Update 8: Crude Oil Futures Sink to \$46 Per Barrel December delivery crude on the New York Mercantile Exchange dropped 76 cents to \$46.11 per barrel. The benchmark light, sweet crude remained about \$8 a barrel cheaper than its closing record of \$55.17 recorded Oct. 22 and Oct. 26.",2,Business,2,Business,business,0.4043980538845062,0.35406479239463806,0.09066258370876312,0.4043980538845062,0.15087459981441498
"Social Security Reform a Boon for Funds?  NEW YORK (Reuters) - The bonanza many believe President  Bush has handed the mutual fund industry with his plans to  reform Social Security may be a mirage, industry leaders said  on Friday.",2,Business,2,Business,business,0.8271511793136597,0.14786875247955322,0.00913682859390974,0.8271511793136597,0.015843236818909645
"Nokia Adopts SD Card Tech into Storage Portfolio To expand the capabilities of SD memory cards in mobile devices, the SD Card Association has recently formed a Mobile Phone Task Force.",3,Sci/Tech,2,Business,business,0.36662453413009644,0.3386305868625641,0.06813007593154907,0.36662453413009644,0.2266148179769516
"Stellar Putting Gives Europe a 2 - 0 Ryder Cup Lead Inspired by a brilliant putting display, holders Europe secured the first two points in the opening fourball matches against the United States at the 35th Ryder Cup Friday.",1,Sports,1,Sports,sports,0.6689554452896118,0.2058180421590805,0.6689554452896118,0.07832460105419159,0.046901885420084
"Accused deserter surrenders in Japan An accused US Army deserter has surrendered at a US military base near Tokyo to face charges filed in 1965, the Kyodo news service reported.",0,World,0,World,world news,0.7997890114784241,0.7997890114784241,0.03735111653804779,0.09078244119882584,0.07207746803760529
"SpaceShipOne Rolls Toward Victory MOJAVE, California -- A Southern California aerospace team took a big step toward capturing the \$10 million Ansari X Prize Wednesday, but not without surviving a scary moment when the pilot found himself in a rapid spin as he roared across the threshold ",3,Sci/Tech,3,Sci/Tech,science and technology,0.794093906879425,0.13272613286972046,0.017562691122293472,0.055617284029722214,0.794093906879425
"Sales aren #39;t making the grade Retailers in Michigan delighted when students returned to the classroom, but the back-to-school sales haven #39;t generated the kind of dollars many projected.",2,Business,2,Business,business,0.9564581513404846,0.024767199531197548,0.008269340731203556,0.9564581513404846,0.010505319572985172
"News Corp plans for poison pill News Corp, the media group led by Rupert Murdoch, on Monday announced plans for a poison pill rights issue to prevent a hostile takeover by potential predators such as Liberty Media, one of the company #39;s largest shareholders.",2,Business,2,Business,business,0.7166568040847778,0.25259262323379517,0.01617545820772648,0.7166568040847778,0.014575165696442127
"How Serious Is Pfizer #39;s Condition? The stock is feeling some pain these days. However, this drugmaker has enough going for it that the illness shouldn #39;t last. Amid nervousness over the future of Pfizer #39;s arthritis pain treatment Celebrex and ",2,Business,2,Business,business,0.6814525723457336,0.1297529935836792,0.05297919735312462,0.6814525723457336,0.13581526279449463
"Smart phones to make up 16 of market LONDON-A new study shows that the market for smart phones will continue to increase during the next several years, with global shipments growing from 14.",3,Sci/Tech,0,World,world news,0.5481542944908142,0.5481542944908142,0.03425982967019081,0.2904099225997925,0.1271759569644928
"Spike Lee Wins Cybersquatting Case Against Porn Site Movie director Spike Lee has won his\cybersquatting case against a Philippines-based operator who\misused the domain name to redirect surfers to a pornographic\Web Site, arbitrators ruled Friday.",3,Sci/Tech,0,World,world news,0.4738803505897522,0.4738803505897522,0.04045558720827103,0.41353839635849,0.07212565839290619
"Australia to Relocate Embassy in Baghdad (AP) AP - The Australian embassy in Baghdad is to be moved into the strife-torn city's heavily fortified Green Zone, the government said Tuesday.",0,World,0,World,world news,0.7793025970458984,0.7793025970458984,0.02525983192026615,0.15645967423915863,0.038977883756160736
Tata CS celebrates profits uplift Indian software giant Tata CS unveils sharply higher profits in its first set of results since its stock market launch.,2,Business,2,Business,business,0.7993457913398743,0.12968672811985016,0.024481603875756264,0.7993457913398743,0.046485818922519684
"Oracle Fails to Inspire Tech Rally Oracle Corp. handed the software industry some positive earnings news after the bell on Tuesday, but investors pulled cash from the sector on concerns that information technology spending has become anemic.",2,Business,2,Business,business,0.6460831165313721,0.20288284122943878,0.03179209306836128,0.6460831165313721,0.11924192309379578
"ASEAN moves closer to single market with  #39;road map #39;, global trade &lt;b&gt;...&lt;/b&gt; JAKARTA : ASEAN finance ministers ended a meeting which saw Southeast Asia edge closer to a Europe-style single market, laying out a  quot;road map quot; for integration and opening doors to wider global trade.",0,World,0,World,world news,0.5706605911254883,0.5706605911254883,0.015527383424341679,0.3993273675441742,0.014484611339867115
"Musharraf Hopeful For Kashmir Solution ISLAMABAD, Pakistan : Nov 10 (SADA) - President General Pervez Musharraf Tuesday hoped that debate on options he spelt out recently on Kashmir issue would take Pakistan and India closer to find out the settlement of decades-old dispute.",0,World,0,World,world news,0.812364935874939,0.812364935874939,0.05449102073907852,0.046088069677352905,0.08705593645572662
"For Neglected Video, a Hollywood Touch A growing cottage industry is taking customers' raw home video and putting it on DVD, in some cases producing short movies with sophisticated cinematic effects and a musical soundtrack.",3,Sci/Tech,2,Business,business,0.7365103960037231,0.10042735189199448,0.06181604415178299,0.7365103960037231,0.10124624520540237
"Movies in a snap: Netflix and TiVo discuss downloads Bee Staff Writer. The high-tech ground is shifting underfoot again, amid rumblings of a new Silicon Valley alliance that would let owners of TiVo Inc.",2,Business,2,Business,business,0.7033045291900635,0.09275788068771362,0.01845870353281498,0.7033045291900635,0.1854788362979889
"Convicted spammer gets nine years in slammer A brother and sister have been convicted of three felony charges of sending thousands of junk e-mails; one of them was sentenced to nine years in prison, the other was fined \$7,500.",3,Sci/Tech,2,Business,business,0.4403092861175537,0.3567577302455902,0.10458055138587952,0.4403092861175537,0.09835247695446014
Economy Grows at a 3.7 Percent Rate in 3Q The US economy grew at a 3.7 percent annual rate in the third quarter - a pace that was slightly better than in the spring but not as strong as many analysts expected.,2,Business,2,Business,business,0.521595299243927,0.3990742862224579,0.02243906445801258,0.521595299243927,0.05689132213592529
Lebanon political drama plays out Syrian scipt The stage is Beirut and the actors are Lebanese; but the audience knows the drama surrounding selection of the countrys president is being produced in Lebanons powerful neighbour Syria.,0,World,0,World,world news,0.6900142431259155,0.6900142431259155,0.048420410603284836,0.18086418509483337,0.08070111274719238
"One of nation #39;s hottest coaches, Tedford will shock nation and &lt;b&gt;...&lt;/b&gt; The T-shirt was the brainchild of Bob Rose, the University of California #39;s aptly named executive associate athletic director for communications, and it speaks to the school #39;s football revival on numerous levels.",1,Sports,1,Sports,sports,0.8748494386672974,0.049869757145643234,0.8748494386672974,0.06028556451201439,0.014995258301496506
"China Iron Mine Fire Death Toll Rises to 57  BEIJING (Reuters) - The death toll from a fire that swept  through an iron mine complex in the northern Chinese province  of Hebei rose to 57, with three miners still missing, Xinhua  news agency said on Monday.",0,World,0,World,world news,0.6044403314590454,0.6044403314590454,0.053266752511262894,0.2393776923418045,0.10291524231433868
"Ireland blocks calls to 13 countries to thwart internet scam Ireland #39;s telecom regulator said this week that is taking  quot;extraordinary quot; measures to protect internet users from rogue autodialer programs that hijack their modems and run up long-distance phone charges by suspending direct dialing to 13 countries, most ",3,Sci/Tech,2,Business,business,0.48555999994277954,0.4543077349662781,0.02251334674656391,0.48555999994277954,0.037618882954120636
Glazer bid for Old Trafford falls flat Malcolm Glazer #39;s bid for Manchester United is dead in the water after major shareholders John Magnier and JP McManus told the American there was no basis for a deal.,1,Sports,2,Business,business,0.5593829154968262,0.19126786291599274,0.2293410748243332,0.5593829154968262,0.020008143037557602
"Cassini flies past Titan; pictures expected tonight NASA #39;s Cassini spacecraft streaked by Saturn #39;s smoggy moon Titan today, targeted to pass within just 750 miles of the planet-sized satellite to give scientists their first ",3,Sci/Tech,3,Sci/Tech,science and technology,0.6918838024139404,0.24587048590183258,0.03057253733277321,0.03167320042848587,0.6918838024139404
"Afghan Army Dispatched to Calm Violence KABUL, Afghanistan - Government troops intervened in Afghanistan's latest outbreak of deadly fighting between warlords, flying from the capital to the far west on U.S. and NATO airplanes to retake an air base contested in the violence, officials said Sunday...",0,World,0,World,world news,0.7843408584594727,0.7843408584594727,0.05706825852394104,0.07697953283786774,0.0816112756729126
"Sports Calendar Bolton Over-30 women's soccer. The Close-To-Home soccer league is looking for female players 30 and olderver for the fall season for a team in the Bolton area. Interested candidates can expect refereed games, a friendly atmosphere, and renewal of basic skills. All levels of experience welcomed. Contact Miriam Kandansky at 781-442-0750 or through e-mail at Miriam.Kadanskysun.com for more details.",1,Sports,1,Sports,sports,0.9760909080505371,0.01005515269935131,0.9760909080505371,0.007158968131989241,0.006694996729493141
PeopleSoft Investors Urged to Tender Shares  NEW YORK (Reuters) - Oracle Corp. on Thursday said in a  letter to PeopleSoft Inc. stockholders that it would withdraw  its hostile takeover bid if less than half of PeopleSoft shares  were tendered by the offer's deadline.,2,Business,2,Business,business,0.6907536387443542,0.22921092808246613,0.034171778708696365,0.6907536387443542,0.045863665640354156
"Phelps faces possible jail term Olympic swimming champion Michael Phelps may face a jail term after being arrested on drink-driving charges last week in Salisbury, Maryland.",1,Sports,1,Sports,sports,0.48125824332237244,0.4286379814147949,0.48125824332237244,0.04583372548222542,0.044270094484090805
"Soldiers' War Blogs Detail Life in Iraq Iraq war blogs are as varied as the soldiers who write them. Some sites feature practical news, war pictures and advice. Some are overtly political, with more slanting to the right than to the left. Some question the war, some cheer it.",3,Sci/Tech,0,World,world news,0.6339234113693237,0.6339234113693237,0.08777713775634766,0.16969993710517883,0.10859955847263336
"Cards won #39;t overlook Dodgers The last time Tony La Russa managed a postseason series against the Dodgers, his club was an Oakland juggernaut that dominated the regular season with 104 victories.",1,Sports,1,Sports,sports,0.7550275325775146,0.05651186779141426,0.7550275325775146,0.16056159138679504,0.027898991480469704
Econ Edge: The Economic Week Fed Governor Speaks (12:45 pm ET) Federal Reserve Governor Mark Olson speaks about his economic outlook at a roundtable lunch in Toronto.,2,Business,0,World,world news,0.7069579362869263,0.7069579362869263,0.062317684292793274,0.15345518290996552,0.07726917415857315
"Another homicide in Holland  It is a sad day.      In what seems to be another politically inspired homicide in Holland, Dutch filmmaker, and controversial columnist Theo van Gogh was brutally murdered in the streets of Amsterdam this morning.",3,Sci/Tech,0,World,world news,0.8701949119567871,0.8701949119567871,0.03400459140539169,0.04095180705189705,0.05484878644347191
"COLUMN: Many Struggle to Comply with Sarbanes Rules A flurry of companies may miss the deadline to comply with new regulations brought in after the corporate scandals of 2002, but the key for investors will be to judge how serious the underlying problems really are.",2,Business,2,Business,business,0.9089314937591553,0.0637115091085434,0.012354360893368721,0.9089314937591553,0.015002635307610035
"Prodigy Adu Learns His Trade at DC United  WASHINGTON (Reuters) - Teenager Freddy Adu, America's most  talked about soccer player, has hardly set the league alight  with his skills in his first season.",1,Sports,1,Sports,sports,0.8591497540473938,0.11188534647226334,0.8591497540473938,0.011841223575174809,0.01712365262210369
Mears wins Busch pole Casey Mears set a track qualifying record and won his third NASCAR Busch series pole of the season Thursday at Homestead-Miami Speedway.,1,Sports,1,Sports,sports,0.6544562578201294,0.12461254745721817,0.6544562578201294,0.16057200729846954,0.06035919860005379
"Game swings back and forth as Giteau toys with England  #39;s defence After so many signs of a fresh enthusiasm and a new sense of adventure in the England side, they ended their autumn series on a backward note, losing to the side they had beaten in the World Cup final.",1,Sports,1,Sports,sports,0.8232605457305908,0.1135578453540802,0.8232605457305908,0.033589720726013184,0.029591809958219528
"Clearest view yet of Saturn #39;s largest moon Scientists controlling the cameras aboard the Cassini spacecraft in orbit around Saturn have just recovered two extraordinary, contrasting images of the planet #39;s most intriguing moons.",3,Sci/Tech,3,Sci/Tech,science and technology,0.7001027464866638,0.20587770640850067,0.04429052025079727,0.049729011952877045,0.7001027464866638
World Cup triumph means more money England #39;s first Rugby World Cup triumph a year ago generated profits of 13.5 million pounds (\$29.8 million Cdn) despite the loss of revenue from a lack of home games.,1,Sports,2,Business,business,0.3361279368400574,0.32318180799484253,0.3349080979824066,0.3361279368400574,0.005782153457403183
"Bombardier shares slump as CEO leaves Bombardier, the troubled Canadian maker of aircraft and trains, saw its shares fall by around 20 per cent in Toronto, after it announced that Paul Tellier was stepping down early as president and chief executive officer.",2,Business,2,Business,business,0.8344426155090332,0.11936301738023758,0.0163340475410223,0.8344426155090332,0.029860373586416245
"AMD Launches Low-Cost Web Device Advanced Micro Devices is launching a low-cost Internet access device dubbed  quot;PIC, quot; or personal Internet communicator, targeted at first-time computer users in the developing world.",3,Sci/Tech,0,World,world news,0.4807450473308563,0.4807450473308563,0.05086652562022209,0.23362553119659424,0.23476286232471466
Brokerage Settles Charges Over Mutual Fund Fees  A Fort Worth brokerage that sold high-fee mutual funds to military families agreed yesterday to pay \$12 million to settle allegations that it used misleading marketing literature and scripts.,2,Business,2,Business,business,0.9128779768943787,0.058070797473192215,0.012582036666572094,0.9128779768943787,0.016469188034534454
"Oil prices rise on fears about Yukos production Oil prices briefly bolted above \$45 a barrel yesterday, then retreated toward \$44, in a volatile day of trading after Russian oil giant Yukos said its output could suffer because of a court ruling that froze some of its assets.",2,Business,2,Business,business,0.4606044888496399,0.4408007860183716,0.03636088967323303,0.4606044888496399,0.06223388761281967
Sneaky Credit Card Tactics Keep an eye on your credit card issuers -- they may be about to raise your rates.,2,Business,2,Business,business,0.8699401617050171,0.06635434925556183,0.027254264801740646,0.8699401617050171,0.03645118698477745
"Consumer Confidence Hits 7-Month Low   NEW YORK (Reuters) - U.S. consumers turned more gloomy in  October, beset by soaring energy prices, relentless violence in  Iraq and the increasingly bitter end of the presidential  election campaign.",2,Business,0,World,world news,0.7453526258468628,0.7453526258468628,0.04384838417172432,0.13903683423995972,0.07176221162080765
"AOL drops Microsoft antispam technology com September 16, 2004, 1:15 PM PT. This fourth priority #39;s main focus has been improving or obtaining CRM and ERP software for the past year and a half.",3,Sci/Tech,2,Business,business,0.7779991626739502,0.14024537801742554,0.02644437737762928,0.7779991626739502,0.055311013013124466
"Colombia Says Irish Fugitives Have Fled Country  BOGOTA, Colombia (Reuters) - Three Irish fugitives  convicted of teaching leftist Colombian guerrillas how to make  bombs have escaped the Andean country and are at large outside  its borders, Colombia's attorney general said late on Thursday.",0,World,0,World,world news,0.7434825301170349,0.7434825301170349,0.047772426158189774,0.13222596049308777,0.07651908695697784
Tennis: Season over for tired Henin-Hardenne BRUSSELS : Olympic champion Justine Henin-Hardenne announced that her season is over because of persistent fatigue brought about by her struggle to recover from a long-term virus.,1,Sports,1,Sports,sports,0.8528752326965332,0.1254185140132904,0.8528752326965332,0.014105882495641708,0.007600309327244759
"China Closes 1,600 Internet Cafes in Crackdown China shut 1,600 Internet cafes between February and August and imposed \$12.1 million worth of fines for allowing children to play violent or adult-only games and other violations, state media said.",3,Sci/Tech,0,World,world news,0.592423677444458,0.592423677444458,0.05813455209136009,0.3005337715148926,0.04890800267457962
Socceroos lead at break The Socceroos lead the Solomon Islands 4-0 at half-time in their Confederations Cup qualifier in Honiara. A double from midfielder Josip Skoko and strikes to Ante Milicic and the impressive Brett Emerton have ,1,Sports,1,Sports,sports,0.6998140215873718,0.20222821831703186,0.6998140215873718,0.06951254606246948,0.028445152565836906
"UPDATE:Sinopec 1H Pft Up 51; To Raise Refining Capacity HONG KONG (Dow Jones)--China Petroleum  amp; Chemical Corp. (SNP), the country #39;s second-largest oil and gas producer, Monday reported a 51 jump in first-half earnings and said it plans to boost its refining capacity by about one-fifth over three years.",2,Business,2,Business,business,0.6710087060928345,0.2847130298614502,0.014366650022566319,0.6710087060928345,0.029911689460277557
"After a decade of silence, Cambodia's cinema enjoys resurgence (AFP) AFP - After a decade of silence, Cambodia's movie industry is enjoying a boom due to a dash of Hollywood attention, burgeoning nationalism and cheaper production costs, industry insiders say.",0,World,2,Business,business,0.5292115807533264,0.4092039465904236,0.0157710462808609,0.5292115807533264,0.04581339657306671
"Georgian president calls for international conference on South Ossetia TBILISI, Georgia  Georgian President Mikhail Saakashvili appealed to world leaders Tuesday to convene an international conference on the conflict in breakaway South Ossetia, where daily exchanges of gunfire threaten to spark ...",0,World,0,World,world news,0.9143329858779907,0.9143329858779907,0.01747526414692402,0.037001729011535645,0.03118996135890484
"A mixed economic bag in July Factory orders in July for costly manufactured goods recorded the biggest gain in four months. New home sales, meanwhile, slid, according to a pair of reports ",2,Business,2,Business,business,0.8680748343467712,0.09577348083257675,0.011670568957924843,0.8680748343467712,0.024481065571308136
"Internet pioneer closes Manitoba pharmacy; blames dollar, uncertain climate (Canadian Press) Canadian Press - WINNIPEG (CP) - Just one year ago, Mark Rzepka was opening a  #36;1-million Internet pharmacy in the small Manitoba town of Niverville believing he would be able to quadruple his staff within 12 months.",0,World,2,Business,business,0.8467599749565125,0.06509140878915787,0.01431865245103836,0.8467599749565125,0.0738300085067749
"Report: Dhanraj no longer needed: Coach With Australia pulling out of the Champions Trophy to be held in Pakistan in December due to security reasons, India will replace the Aussies in the tournament.",1,Sports,1,Sports,sports,0.5506223440170288,0.26328954100608826,0.5506223440170288,0.1571182906627655,0.028969885781407356
"Men Set for Sizzling Duel in 100 Meters ATHENS, Greece - The preliminaries in the 100 meters were perhaps just a sample of what's to come Sunday, when a talented group of qualifiers - including Americans Shawn Crawford, Justin Gatlin and defending champion Maurice Greene - will try to turn their competition into the fastest show at the Athens Games.    Five men broke 10 seconds in qualifying Saturday, led by Crawford's time of 9.89...",0,World,1,Sports,sports,0.5405721664428711,0.31812626123428345,0.5405721664428711,0.10203909128904343,0.03926250711083412
"Citigroup's Ex-Exec May Face SEC Action  NEW YORK (Reuters) - Citigroup Inc. &lt;A HREF=""http://www.investor.reuters.com/FullQuote.aspx?ticker=C.N target=/stocks/quickinfo/fullquote""&gt;C.N&lt;/A&gt; on Friday said  U.S. securities regulators may recommend enforcement  proceedings against the former head of Citigroup Global  Investment Management.",2,Business,2,Business,business,0.5121413469314575,0.4160747528076172,0.04086824133992195,0.5121413469314575,0.030915627256035805
"SBC Gives Microsoft \$400 Mln Internet TV Deal  WASHINGTON (Reuters) - SBC Communications &lt;A HREF=""http://www.reuters.co.uk/financeQuoteLookup.jhtml?ticker=SBC.N qtype=sym infotype=info qcat=news""&gt;SBC.N&lt;/A&gt; will use  Microsoft Corp. &lt;A HREF=""http://www.reuters.co.uk/financeQuoteLookup.jhtml?ticker=MSFT.O qtype=sym infotype=info qcat=news""&gt;MSFT.O&lt;/A&gt; technology to launch video services  over upgraded high-speed data lines, the companies said  Wednesday.",3,Sci/Tech,2,Business,business,0.6370038986206055,0.2690744996070862,0.03775911033153534,0.6370038986206055,0.05616242066025734
Bush Faces Heavy Pre-RNC Travel Schedule (AP) AP - President Bush charges into the final runup to the Republican National Convention with a heavy campaign schedule in key states he needs to carry in November.,0,World,0,World,world news,0.5308640599250793,0.5308640599250793,0.046737007796764374,0.3648304343223572,0.0575685054063797
"Time Warner settles with DOJ, SEC for \$510 mil Time Warner Inc. on Wednesday settled criminal securities fraud charges the government leveled on its America Online unit, agreeing to pay \$210 million to end the Justice Department #39;s probe.",2,Business,2,Business,business,0.735440731048584,0.19316032528877258,0.038522038608789444,0.735440731048584,0.0328768715262413
Generals May Pay a Price for Iraq Abuse WASHINGTON - The Abu Ghraib prisoner abuse scandal could effectively end the careers of four Army generals who are linked indirectly to the misconduct but face no criminal charges.    The four are singled out for varying degrees of criticism - mixed with instances of praise - in two comprehensive investigative reports released last week...,0,World,0,World,world news,0.7452074885368347,0.7452074885368347,0.04381084442138672,0.15039239823818207,0.06058935448527336
"CSFB May Cut Costs by Merging Units, Shedding Jobs, People Say Credit Suisse First Boston, the securities arm of Switzerland #39;s second-biggest bank, plans to cut costs by combining some units and eliminating jobs, people familiar with the matter said.",2,Business,2,Business,business,0.913587212562561,0.06911595910787582,0.008501747623085976,0.913587212562561,0.008795048110187054
"Treo 650 on Monday? \\The blogs  are buzzing  that the Treo 650 will be released on Monday.\\From Gizmodo:\\""Not only have they announced special ""news"" next Monday at the CTIA Wireless\Conference in San Francisco, earlier this week someone with PalmOne\accidentally sort of, you know, told me. I told them I'd keep quiet as long as\they did, but if they're going to go and announce it with a wink and a nod, I\think I've done my part.""\\If they do this right I'll be sporting a Treo 650 soon! \\Of course if this is true:\\""File it under hoping I'm wrong. Several reports have filtered in from people\who have had hands-on time with pre-release Sprint versions of the upcoming\Treo 650. These reports say that the Treo wi ...\\",3,Sci/Tech,0,World,world news,0.4245300889015198,0.4245300889015198,0.06049496307969093,0.4063500463962555,0.1086249127984047
"Boeing, IBM Strategic Alliance Boosts Net-Centric Technology From the 1950 #39;s until the present, one of the dominant companies in the world #39;s computer industry. Offers a variety of data processing hardware systems, system and application software, and information technology services.",3,Sci/Tech,2,Business,business,0.5981255769729614,0.24490995705127716,0.028124403208494186,0.5981255769729614,0.12884007394313812
"Like father, like son in Chrysler Classic If Brent Geiberger was pleased to win the Chrysler Classic of Greensboro, his father Al was positively ecstatic.  quot;I was going absolutely crazy watching it all unfold.",1,Sports,1,Sports,sports,0.8531637787818909,0.04755018278956413,0.8531637787818909,0.06017641723155975,0.039109524339437485
"U.S. Says N.Korea Blast Probably Not Nuclear  SEOUL (Reuters) - A huge explosion rocked North Korea last  week but U.S. and South Korean officials said on Sunday it was  unlikely to have been a nuclear weapons test despite the  appearance of a ""peculiar cloud"" over the area.",0,World,0,World,world news,0.8774598836898804,0.8774598836898804,0.02457607164978981,0.03407309576869011,0.0638909563422203
"150,000 new jobs expected The economy probably added 150,000 jobs in September and the unemployment rate held steady at 5.4, a three-year low, according to a survey of economists.",2,Business,2,Business,business,0.5236951112747192,0.35820111632347107,0.04903542622923851,0.5236951112747192,0.0690683051943779
BLOG That #39;s the most look-ed up world on Merriam-Webster #39;s &lt;b&gt;...&lt;/b&gt; A FOUR-LETTER term that came to symbolise the difference between old and new media tops US dictionary publisher Merriam-Webster #39;s list of the 10 words of the year.,3,Sci/Tech,0,World,world news,0.6737098097801208,0.6737098097801208,0.03138897195458412,0.2348054051399231,0.06009576842188835
"Injured Toomer might be able to play tomorrow Although Giants wide receiver Amani Toomer took limited work yesterday after missing the previous two days of practice, coach Tom Coughlin won #39;t decide on his availability ",1,Sports,1,Sports,sports,0.6398301720619202,0.0932995080947876,0.6398301720619202,0.20112042129039764,0.06574994325637817
"UK #39;s Jaguar Workers Vote Against Strike Workers at Ford Motor Co. #39;s luxury British car unit, Jaguar, voted against a strike over plans to cut jobs and scale back production, unions said on Monday.",2,Business,2,Business,business,0.562731146812439,0.3486454486846924,0.053290534764528275,0.562731146812439,0.03533290699124336
SCO Postpones Legal Web Site (NewsFactor) NewsFactor - The SCO Group is delaying the launch of a Web site focusing on the details of ongoing litigation concerning the company's intellectual property.,3,Sci/Tech,2,Business,business,0.7142325043678284,0.21677546203136444,0.012546578422188759,0.7142325043678284,0.05644547566771507
"IBM Aims New DB2 at Rivals IBM (Quote, Chart) announced its first major database refresh in almost two years with new features from the company #39;s autonomic computing vault.",3,Sci/Tech,2,Business,business,0.6714253425598145,0.17688697576522827,0.021300919353961945,0.6714253425598145,0.13038673996925354
"McKinnon briefed on democracy: Meeting with PM ISLAMABAD, Oct 23: Prime Minister Shaukat Aziz briefed Commonwealth Secretary-General Donald C. McKinnon on full restoration of democracy in the country and Pakistan #39;s role in promoting regional and global peace.",0,World,0,World,world news,0.8150160312652588,0.8150160312652588,0.05624424293637276,0.06855714321136475,0.06018262729048729
"Ford to Repair Faulty Heated Seats in Focus Cars Ford Motor Co. said on Wednesday it will fix malfunctioning heated seats in 33,000 Focus cars, two-thirds of which were sold in Canada.",2,Business,2,Business,business,0.5583130717277527,0.2648009657859802,0.0779382735490799,0.5583130717277527,0.0989476814866066
"Oracle launches Business Integlligence 10g Oracle introduced a new BI platform yesterday, Business Intelligence 10g that rolls up into one solution all of their BI tools. However, more interesting than the nitty-gritty details of what is included is the back story taking place at the same time.",3,Sci/Tech,2,Business,business,0.9410292506217957,0.03166298195719719,0.006964538246393204,0.9410292506217957,0.020343201234936714
"From Digital Camera to Print, No Computer Required The big news in digital photography is the explosion of printers designed exclusively for 4-by-6 photos. A comparison of seven printers vying for your business.",3,Sci/Tech,2,Business,business,0.8320448398590088,0.08493722230195999,0.026426484808325768,0.8320448398590088,0.056591447442770004
Newcastle #39;s Boumsong bid rejected by Rangers Newcastle United manager Graeme Souness has made an offer to Rangers for French international centre-back Jean-Alain Boumsong but the Scottish club have rejected his initial offer.,1,Sports,2,Business,business,0.7645653486251831,0.11311880499124527,0.10894111543893814,0.7645653486251831,0.013374676927924156
"Cisco Systems 1st-Quarter Earnings Rise (Reuters) Reuters - Cisco Systems Inc., the biggest maker\of equipment that directs data over the Internet, on Tuesday\said quarterly earnings rose 29 percent on rising demand for\its networking gear.",2,Business,2,Business,business,0.608502209186554,0.3336927890777588,0.015280431136488914,0.608502209186554,0.04252460226416588
"TSMC, Freescale expect initial production of 65nm SOI in 4Q 2005 Taiwan Semiconductor Manufacturing Company (TSMC) and Freescale Semiconductor expect to begin initial production of a high-speed 65nm silicon-on-insulator (SOI) process in the fourth quarter of 2005, with volume production pending on market demand ",3,Sci/Tech,2,Business,business,0.6200577020645142,0.17996694147586823,0.027837026864290237,0.6200577020645142,0.1721382737159729
"US Cautious On Progress Toward Enriching Uranium The United States is responding carefully to Iran #39;s announcement that it has taken a major step toward enriching uranium, a key ingredient in nuclear weapons.",0,World,0,World,world news,0.822769045829773,0.822769045829773,0.02424410544335842,0.082563616335392,0.07042326778173447
"Wrigley bites into Kraft WRIGLEY is buying the Life Savers and Altoids sweet and mint businesses from Kraft Foods for 800 million. The deal allows Wrigley to expand in the sweet section, while leaving Kraft to focus on the rest of its food business.",2,Business,2,Business,business,0.869635283946991,0.09951606392860413,0.014637737534940243,0.869635283946991,0.016210906207561493
"Indexes in Japan fall short of hype Japanese stocks have failed to measure up to an assessment made in April by Merrill Lynch #39;s chief global strategist, David Bowers, who said Japan was  quot;very much everyone #39;s favorite equity market.",2,Business,0,World,world news,0.5058785676956177,0.5058785676956177,0.04339894279837608,0.40192922949790955,0.04879328981041908
" #39;Emperor #39; Adriano has Inter under his rule One match into the Italian league season and (Emperor) Adriano already has Inter Milan under his rule. The Brazilian striker has scored six goals in Inter #39;s first four matches this season, including ",1,Sports,1,Sports,sports,0.5211394429206848,0.11714058369398117,0.5211394429206848,0.33325016498565674,0.02846977859735489
"When Robots Rule the World Well, not the world maybe, but possibly your lawns and kitchens. The use of robots -- especially as domestic help -- is expected to increase sevenfold by 2007, according to the United Nations.",3,Sci/Tech,3,Sci/Tech,science and technology,0.43136078119277954,0.32781195640563965,0.03741740807890892,0.2034098505973816,0.43136078119277954
"Clarett accuses Ohio State of improprieties; school denies claims Former Ohio State star Maurice Clarett accused coach Jim Tressel, his staff and school boosters of arranging for him to get passing grades, cars, and thousands of dollars, including for bogus summer jobs.",1,Sports,1,Sports,sports,0.5511525869369507,0.09778197854757309,0.5511525869369507,0.3008803129196167,0.050185173749923706
SI.com SAN DIEGO (Ticker) -- A late rally gave the San Diego Padres a rare win over the St. Louis Cardinals. Ryan Klesko delivered a go-ahead RBI single to start a four-run outburst in the bottom of the eighth inning as San Diego posted a 7-3 victory over St.,1,Sports,1,Sports,sports,0.8352158665657043,0.06975644081830978,0.8352158665657043,0.05268758535385132,0.042340103536844254
"Oil Prices Rise Despite US Move To Draw On Strategic Reserve NEW YORK, Sept 23 (AFP) - Oil prices edged closer to record territory Thursday as markets shrugged off news that the US government may draw from its strategic reserves to make up for shortages due to Hurricane Ivan.",2,Business,0,World,world news,0.7656017541885376,0.7656017541885376,0.021785251796245575,0.15735730528831482,0.05525568127632141
"Science ; As ice thaws, arctic peoples at loss for words Science News, Iceland, What are the words used by indigenous peoples in the Arctic for  quot;hornet, quot;  quot;robin, quot;  quot;elk, quot;  quot;barn owl quot; or  quot;salmon?",3,Sci/Tech,3,Sci/Tech,science and technology,0.8767524361610413,0.09414037317037582,0.012687169946730137,0.016419995576143265,0.8767524361610413
Telescope snaps distant 'planet' The first direct image of a planet circling another star may have been obtained by a US-European team of astronomers.,0,World,3,Sci/Tech,science and technology,0.7804968953132629,0.1729424148797989,0.019318222999572754,0.027242515236139297,0.7804968953132629
"Microsoft Reprimanded for Misleading Linux Ad (NewsFactor) NewsFactor - The United Kingdom's advertising watchdog group, the Advertising Standards Association, has found that complaints lodged against a Microsoft (Nasdaq: MSFT) magazine ad that stated that Linux was more expensive than Windows were valid.",3,Sci/Tech,0,World,world news,0.6190611124038696,0.6190611124038696,0.0205476563423872,0.3087513744831085,0.05163976550102234
"Scientists Try to Save Largest Salamander (AP) AP - The population of North America's largest salamander is plummeting in Missouri and Arkansas, and scientists from five states met to consider how to prevent the creature's disappearance.",3,Sci/Tech,3,Sci/Tech,science and technology,0.5015967488288879,0.44471603631973267,0.02352495864033699,0.030162272974848747,0.5015967488288879
"Flat-screen TV But the booming demand isn #39;t proving profitable for the companies that make the high-resolution video panels. For electronics retailers, it will be the holiday season of the flat-screen TV.",3,Sci/Tech,2,Business,business,0.8968650698661804,0.042015764862298965,0.01812916435301304,0.8968650698661804,0.04298999905586243
Monster Mashes Attract Masses Kaiju Big Battel -- a multimedia event in which costumed combatants spew toxic ooze on audience members -- is growing in popularity. There are already dedicated websites and a DVD series. Coming next: a book and TV pilot. By Xeni Jardin.,3,Sci/Tech,0,World,world news,0.2931157052516937,0.2931157052516937,0.24784499406814575,0.17945684492588043,0.27958250045776367
Seahawks Receiver Robinson Suspended by NFL  NEW YORK (Sports Network) - Seattle Seahawks wide receiver  Koren Robinson has been suspended without pay for four games by  the league for violating the NFL's substance abuse policy.,1,Sports,1,Sports,sports,0.8687422275543213,0.08209901303052902,0.8687422275543213,0.039844900369644165,0.009313923306763172
"Vodafone Drops on Report It Supports Bid for Sprint (Update2) Shares in Vodafone Group Plc, the world #39;s largest mobile-phone operator, dropped after The Wall Street Journal said the company is considering bidding with US partner Verizon Communications Inc.",2,Business,0,World,world news,0.5274262428283691,0.5274262428283691,0.01397467590868473,0.4395833909511566,0.019015764817595482
Piller Out for Months After Arm Surgery (AP) AP - Titans guard Zach Piller might miss the rest of the season after having surgery to repair his ruptured left biceps.,1,Sports,1,Sports,sports,0.43246495723724365,0.32061538100242615,0.43246495723724365,0.15971074998378754,0.08720890432596207
"AMD's Q3 led by strong Opteron, Athlon 64 sales SAN FRANCISCO - As expected, Advanced Micro Devices Inc.'s (AMD's) third-quarter revenue came in a little under the company's earlier predictions, but strong increases in sales of its 64-bit desktop and server processors led to the company's fourth straight profitable quarter.",3,Sci/Tech,2,Business,business,0.738943874835968,0.1508316695690155,0.027827106416225433,0.738943874835968,0.08239737153053284
Russia official gives Yukos assurance Finance minister tells FT that asset sales to pay off tax debt will be market-oriented. MOSCOW (Reuters) - Russian Finance Minister Alexei Kudrin has promised that asset sales to pay off the tax debts of troubled ,2,Business,2,Business,business,0.8197737336158752,0.16412794589996338,0.0054398188367486,0.8197737336158752,0.010658536106348038
"France criticizes Iraq hostage mediators France has criticized unofficial negotiators for complicating release efforts for two French hostages held in Iraq, the BBC reported Saturday.",0,World,0,World,world news,0.835278332233429,0.835278332233429,0.02325202338397503,0.10752494633197784,0.03394463285803795
"Drummond back to his happy home Scott Drummond, who meets the defending champion Ernie Els tomorrow in the first round of the World Match Play Championship, arrived at Wentworth in May with career earnings on the European Tour of less than 40,000.",1,Sports,1,Sports,sports,0.6863570809364319,0.19146156311035156,0.6863570809364319,0.08644609898328781,0.03573526814579964
"MOM 2005 Released to Manufacturing Microsoft on Wednesday announced the release to manufacturing of Microsoft Operations Manager (MOM) 2005 and MOM 2005 Workgroup Edition, a new edition that the company previously called MOM 2005 Express.",2,Business,2,Business,business,0.7947444915771484,0.12621299922466278,0.027140790596604347,0.7947444915771484,0.05190178006887436
Longhorn to put squeeze on gadgets SAN FRANCISCO--Windows makes it easy to quickly download files to iPods and other portable storage devices--a little too easy in the minds of many IT managers.,3,Sci/Tech,2,Business,business,0.6601191163063049,0.16317975521087646,0.10444245487451553,0.6601191163063049,0.07225867360830307
PalmOne to play with Windows Mobile? Rumors of Treo #39;s using a Microsoft operating system have been circulating for more than three years. Now an investment bank reports that PalmOne will use a ,3,Sci/Tech,2,Business,business,0.5111252665519714,0.32647332549095154,0.05151557922363281,0.5111252665519714,0.1108858734369278
"Amazon Updates Web Services Tools, Adds Alexa Access The Amazon Web Services (AWS) division of online retail giant Amazon.com yesterday released Amazon E-Commerce Service 4.0 and the beta version of Alexa Web Information Service.",3,Sci/Tech,2,Business,business,0.7110148072242737,0.16111670434474945,0.035580750554800034,0.7110148072242737,0.09228773415088654
ST Tele-TM Intl to buy 47.7 in Idea Mumbai: Singapore Technologies Telemedia and TM International have announced that their consortium has signed definitive agreements for the acquisition of 47.7 per cent stake in Idea Cellular.,2,Business,2,Business,business,0.7653514742851257,0.18135803937911987,0.02029496245086193,0.7653514742851257,0.03299548476934433
"46 Killed, 270 Injured In Iraqi Violence Baghdad, Sept. 8 (NNN): Bloody clashes on Tuesday between US forces and Shia militiamen left more than 46 persons, including six US soldiers, dead across Iraq during the past 24 hours, officials said here on Wednesday.",0,World,0,World,world news,0.8237283825874329,0.8237283825874329,0.04304100573062897,0.08247552812099457,0.050755105912685394
"Japan earthquakes kill 23, leave thousands in shelters (AFP) AFP - Thousands of people were spending the night in emergency shelters after the deadliest quakes to hit Japan in nearly a decade killed 23 people and injured more than 900, police and reports said.",0,World,0,World,world news,0.8872503042221069,0.8872503042221069,0.026287734508514404,0.03734009712934494,0.049121856689453125
"Israelis OK new homes in West Bank A leaked Israeli plan to build 1,000 new Jewish settler homes in the West Bank yesterday sent Bush administration officials scrambling for a response in the sensitive period before November #39;s presidential election. ",0,World,0,World,world news,0.7636399269104004,0.7636399269104004,0.034557539969682693,0.15713514387607574,0.04466729238629341
"CA to buy Netegrity for \$430 million com October 6, 2004, 7:36 AM PT. This fourth priority #39;s main focus has been improving or obtaining CRM and ERP software for the past year and a half.",2,Business,2,Business,business,0.8547969460487366,0.08836647868156433,0.02222551219165325,0.8547969460487366,0.03461106866598129
Internet Pharmacies: Good or Bad? An investigation into the practice of Internet Pharmacies and how they are changing the U.S. pharmaceutical industry.,3,Sci/Tech,2,Business,business,0.49226614832878113,0.1635461449623108,0.02143952250480652,0.49226614832878113,0.32274818420410156
"Kenyan Laureate Urges Rich Nations to Ratify Kyoto (Reuters) Reuters - Kenya's Nobel Peace Prize winner,\Wangari Maathai, on Monday urged wealthy nations to ratify the\Kyoto protocol on climate change to ease the burden of\pollution on poor countries.",3,Sci/Tech,0,World,world news,0.936639130115509,0.936639130115509,0.012533312663435936,0.017547495663166046,0.03328007459640503
"Sony Announces the Clie VZ90 Handheld For Japan Sony Japan has released a new Clie for the Japanese market only. The Clie PEG-VZ90 is a Palm OS multimedia Clie handheld, that features a large OLED screen, slider hidden buttons, plentiful memory and WiFi.",3,Sci/Tech,0,World,world news,0.3762502670288086,0.3762502670288086,0.1148747056722641,0.3364780843257904,0.17239686846733093
"Hurricane Worries Boost Oil Prices Worries that Hurricane Ivan will hurt oil production in the Gulf of Mexico boosted oil prices Tuesday. In mid-morning New York trading, oil for future delivery hit \$44.",2,Business,0,World,world news,0.6374760866165161,0.6374760866165161,0.028530368581414223,0.24655133485794067,0.08744224160909653
"UPDATE 1-Jimenez, Garcia, Donald make Langer a happy man Miguel Angel Jimenez and Sergio Garcia warmed up for this month #39;s Ryder Cup with sparkling starts at the European Masters on Thursday.",1,Sports,1,Sports,sports,0.6561567783355713,0.2537294924259186,0.6561567783355713,0.06623638421297073,0.023877395316958427
"Circuit City Cautious on Outlook Circuit City Stores Inc. (CC.N: Quote, Profile, Research) on Friday posted a narrower quarterly loss from continuing operations but said its outlook was cautious for the ",2,Business,2,Business,business,0.9073718190193176,0.06530048698186874,0.014041227288544178,0.9073718190193176,0.013286441564559937
"Hurricanes May Affect Florida Politics TALLAHASSEE, Fla. - Two devastating hurricanes have given President Bush something his political advisers couldn't dream up: the chance to play comforter in chief in a battleground state he is determined to win again...",0,World,0,World,world news,0.6393632888793945,0.6393632888793945,0.0907498225569725,0.10317491739988327,0.16671201586723328
"Oracle to drop suit if takeover bid fails Oracle Corp. said Monday it will drop a lawsuit it filed in Delaware against PeopleSoft, its rival and takeover target, if a majority of PeopleSoft ",2,Business,2,Business,business,0.7586979866027832,0.1663382649421692,0.032904189079999924,0.7586979866027832,0.04205957427620888
"Take-Two Sees Higher Sports Prices for New Consoles  NEW YORK (Reuters) - Take-Two Interactive Software Inc.  &lt;A HREF=""http://www.reuters.co.uk/financeQuoteLookup.jhtml?ticker=TTWO.O qtype=sym infotype=info qcat=news""&gt;TTWO.O&lt;/A&gt; on Monday said that prices for its sports video games  will likely return to higher levels once new game consoles  arrive in late 2005 or 2006.",3,Sci/Tech,1,Sports,sports,0.7388993501663208,0.17511962354183197,0.7388993501663208,0.07915786653757095,0.006823164410889149
Leggy models wont distract Corretja MADRID: Leggy models as ballgirls won #39;t be a distraction to family man Alex Corretja after the veteran moved into the second round of the Madrid Masters yesterday.,1,Sports,1,Sports,sports,0.8969674706459045,0.05422811210155487,0.8969674706459045,0.03361519053578377,0.01518917828798294
"OPEC Eyes Caution, Supply Weighs on Price  VIENNA (Reuters) - OPEC may resist calls to raise oil  output quotas much, if at all, when it meets this week for fear  of turning a decline from record prices into a rout.",2,Business,0,World,world news,0.5649956464767456,0.5649956464767456,0.021610112860798836,0.38220664858818054,0.031187573447823524
"Forecasters: More Hurricanes May Be on Way Ivan, Frances and Charley delivered three staggering blows to the Gulf Coast and Florida, as well as Caribbean island nations, all in just five weeks.",3,Sci/Tech,0,World,world news,0.6957593560218811,0.6957593560218811,0.04282936826348305,0.15849639475345612,0.10291483998298645
"Google Shares, Once Devalued, Just May Be Winners After All Wall Street, which forced Google, the Internet search engine, to sharply lower the price of its shares in its initial public offering in August, has decided that the company is worth a lot more today than it was then.",2,Business,2,Business,business,0.7468255758285522,0.14944800734519958,0.028571203351020813,0.7468255758285522,0.07515519112348557
"As Drama Plays Out, Mixed Feelings for Arafat #39;s Neighbors No crowds of well-wishers massed Thursday outside the Mukata, the mostly ruined compound where Yasser Arafat has been confined for the past two years.",0,World,0,World,world news,0.67694091796875,0.67694091796875,0.08970344066619873,0.06493330746889114,0.16842229664325714
Ukraine awaits election-deal details The Supreme Court is expected to rule Friday on rerunning the country's disputed presidential election.,0,World,0,World,world news,0.8097443580627441,0.8097443580627441,0.03630269691348076,0.09255814552307129,0.061394840478897095
Iraq: 26 killed on horrific day of violence Suicide bombers killed at least 22 members of Iraq #39;s fledgling security forces yesterday amid a spate of insurgent attacks across the country that also ,0,World,0,World,world news,0.7592704892158508,0.7592704892158508,0.06546786427497864,0.10076931864023209,0.07449231296777725
Japanese automaker to boost production capacity in India Major Japanese automaker Suzuki Motor Corp. said Monday it has decided to set up a vehicle assembly plant and a new diesel engine factory in India to boost production in the country #39;s growing market.,2,Business,2,Business,business,0.6794421672821045,0.27035215497016907,0.02018413506448269,0.6794421672821045,0.030021589249372482
"Nothing Robotic About Robo-Art The ArtBots show in New York this past weekend proved that robots can wax artistic, too -- or at least carry out the instructions of their artistic creators. Cyrus Farivar reports from New York.",3,Sci/Tech,0,World,world news,0.48184940218925476,0.48184940218925476,0.05107919126749039,0.08501967787742615,0.3820517063140869
"Allawi Meets Militants, Pushes Amnesty Iraq's interim prime minister said that he had held private meetings with representatives of insurgent groups from Fallujah, Ramadi and Samarra to  persuade them to accept a government amnesty offer.",0,World,0,World,world news,0.6549849510192871,0.6549849510192871,0.08002475649118423,0.17554040253162384,0.0894499123096466
"Cowboys Own Orange Stephen Graham scores 16 points, including two late three-point plays, and No. 5 Oklahoma State beat No. 4 Syracuse, 74-60.",1,Sports,1,Sports,sports,0.8085634708404541,0.053024888038635254,0.8085634708404541,0.11565685272216797,0.02275482378900051
"US Airways, GE reach accord on airplane leasing and financing The Wall Street Journal reports that the carrier #39;s largest creditor has agreed to an aircraft leasing and financing deal that would give US Airways a financial lifeline.",2,Business,2,Business,business,0.610659122467041,0.3540373146533966,0.0123637355864048,0.610659122467041,0.022939875721931458
"UN organizes open-source software day across Asia The United Nations, through its International Open Source Network (IOSN) will organize the first annual Software Freedom Day on Saturday in an effort to educate Asian users about the benefits of Free and Open Source Software (FOSS) and encourage its wider use in the region.",3,Sci/Tech,0,World,world news,0.6563016176223755,0.6563016176223755,0.07410917431116104,0.10267849266529083,0.16691066324710846
"Currency Trading Rises to Record \$1.9 Trillion a Day (Update3) Foreign-exchange trading surged to a record daily average of \$1.9 trillion this year as hedge funds and other money managers increased bets on currencies, according to the Bank for International Settlements.",2,Business,2,Business,business,0.5147783756256104,0.4424692392349243,0.015847843140363693,0.5147783756256104,0.02690456248819828
"Hackers Target Flaw in Microsoft's JPEG NEW YORK (AP) -- In a harbinger of security threats to come, hackers have exploited a newly announced flaw in Microsoft Corp. (MSFT) programs and begun circulating malicious code hidden in images that use the popular JPEG format...",3,Sci/Tech,0,World,world news,0.6164942979812622,0.6164942979812622,0.03221454843878746,0.2626769244670868,0.08861424028873444
Half.com to continue at full speed This fourth priority #39;s main focus has been improving or obtaining CRM and ERP software for the past year and a half. Online auction giant eBay won #39;t be closing down its Half.,3,Sci/Tech,2,Business,business,0.9498741626739502,0.019733773544430733,0.007981098257005215,0.9498741626739502,0.022410914301872253
European Press Review: Climate Change European editorials on Monday commented on the results of the local elections in the western German state of North Rhine-Westphalia.,0,World,0,World,world news,0.8660147786140442,0.8660147786140442,0.028068050742149353,0.04583678022027016,0.06008041650056839
"As reserve, Penny seeks Knick payoff The aging process for veteran NBA players is usually accelerated when they have reached their tenth season. Penny Hardaway has 11 years and 647 games on his odometer and he can feel it in his bones and joints.",1,Sports,1,Sports,sports,0.7385699152946472,0.06556998193264008,0.7385699152946472,0.13791894912719727,0.05794112756848335
New Jersey Lawsuit Challenges Electronic Voting A coalition of private citizens and local elected officials in New Jersey plan to file a lawsuit to block the state's use of electronic voting machines.,3,Sci/Tech,0,World,world news,0.49759814143180847,0.49759814143180847,0.07558643072843552,0.25010502338409424,0.17671039700508118
How long will the pop press stomach the horrors of Iraq? The sickening accounts of the ordeal of Ken Bigley have brought home to everyone the true wretchedness of the present situation in Iraq.,0,World,0,World,world news,0.9023683071136475,0.9023683071136475,0.026846306398510933,0.03387356176972389,0.03691192343831062
"Vietnam Marks Independence with Pardons for Prisoners  HANOI (Reuters) - Vietnam has released nearly 9,000  prisoners, including 10 inmates whose cases it says had drawn  international attention, as part of traditional pardons granted  ahead of independence celebrations on September 2.",0,World,0,World,world news,0.7571403980255127,0.7571403980255127,0.06465208530426025,0.09183145314455032,0.08637615293264389
"Lesbians fight to retain post-Soviet freedom (AFP) AFP - Since emerging from the shadow of the prudish Soviet Union a decade ago, sexual minorities have fought to gain a foothold in Russian society. But Russian lesbians now say they are facing growing pressure from authorities to return to the closet.",0,World,0,World,world news,0.8335820436477661,0.8335820436477661,0.05114441365003586,0.06362104415893555,0.05165258049964905
"Hanover Striker Mathis to Return to US Hanover 96 striker Clint Mathis is to return to the United States after only a year in the Bundesliga, the German club said Tuesday.",1,Sports,2,Business,business,0.39500436186790466,0.29500138759613037,0.27585339546203613,0.39500436186790466,0.03414082154631615
"Goodale Hints of Tax Cuts The Federal Government says they are considering more tax cuts for lower and middle-income Canadians. Fending off attacks over the 9.1 billion dollar budget surplus, Finance Minister Ralph Goodale said he ",2,Business,2,Business,business,0.47698426246643066,0.3133319616317749,0.09927866607904434,0.47698426246643066,0.11040513962507248
"Microsoft's Live Communications Server may drive interest in enterprise IM With Microsoft's new Live Communications Server 2005 due out in December, enterprise IM users and vendors are eyeing new opportunities for more secure messaging in the workplace.",3,Sci/Tech,2,Business,business,0.9226429462432861,0.04277683421969414,0.01380180660635233,0.9226429462432861,0.02077839896082878
"Myanmar PM sacked, arrested for corruption (AFP) AFP - Myanmar's Prime Minister General Khin Nyunt -- among the most reformist of the military regime's leaders -- has been sacked and placed under house arrest for alleged corruption, a Thai government spokesman said.",0,World,0,World,world news,0.8700973987579346,0.8700973987579346,0.02079937979578972,0.07120124250650406,0.037902045994997025
"Strong Chinese demand props up oil Crude hovers around \$46 a barrel amid demand from most populous country, damage reports from Ivan. LONDON (Reuters) - Oil prices held above \$46 a barrel Tuesday as China showed no letup in its strong demand ",2,Business,0,World,world news,0.7454403042793274,0.7454403042793274,0.021494518965482712,0.19169695675373077,0.04136822745203972
AL Wrap: Red Sox Down Devil Rays to Clinch Playoff Spot  NEW YORK (Reuters) - Manny Ramirez belted his  league-leading 43rd homer and Johnny Damon hit a three-run shot  as the Boston Red Sox clinched a playoff spot with a 7-3 win  over the Tampa Bay Devil Rays in St Petersburg on Monday.,1,Sports,1,Sports,sports,0.6950082182884216,0.15138591825962067,0.6950082182884216,0.13550612330436707,0.018099799752235413
Halo 2 scores record sales of \$125 million in first 24 hours Halo 2 broke entertainment retail records in its first 24 hours. Microsoft Game Studios said that the video game sold through 2.4 million stores in the US and Canada raking in \$125 million in sales.,2,Business,2,Business,business,0.6874335408210754,0.24768106639385223,0.02264501340687275,0.6874335408210754,0.04224037751555443
"Arafat to seek treatment in France RAMALLAH, WEST BANK - Yasser Arafat is about to leave his compound in the West Bank for the first time in two and a half years. Two helicopters from Jordan were expected to arrive in Ramallah late Thursday ",0,World,0,World,world news,0.6657050848007202,0.6657050848007202,0.07012438029050827,0.1425408571958542,0.12162961065769196
"Iraq #39;s Government in Talks with Sunni, Shi #39;ite Leaders Iraq #39;s interim government is engaged in cease-fire talks with Sunni and Shi #39;ite leaders in an effort to restore calm to violent parts of Iraq before January #39;s scheduled election.",0,World,0,World,world news,0.6638073921203613,0.6638073921203613,0.05819781497120857,0.21842624247074127,0.05956846475601196
"Ancient fungus 'revived' in lab Fungus from a deep-sea sediment core that is hundreds of thousands of years old will grow when placed in culture, scientists discover.",0,World,3,Sci/Tech,science and technology,0.8327082395553589,0.10258262604475021,0.023890608921647072,0.040818531066179276,0.8327082395553589
"Sirius counting Stern boost Howard Stern #39;s planned defection is a tremendous coup for the emerging satellite radio industry and a setback for the already slumping field of traditional radio -- especially Viacom, which ",2,Business,2,Business,business,0.8137984275817871,0.08723890781402588,0.02962714619934559,0.8137984275817871,0.06933548301458359
Paul Tellier leaving immediately as chief executive of Bombardier MONTREAL (CP) - Paul Tellier has disembarked as president and chief executive officer of Bombardier Inc. The bombshell announcement Monday morning came as the Montreal-headquartered multinational transportation ,2,Business,2,Business,business,0.7807714343070984,0.16951251029968262,0.02067532204091549,0.7807714343070984,0.02904076687991619
"Firm develops all-purpose memory cards A leading Japanese electronics company is developing memory cards that can be used to make cashless payments, open locks and read identification with a simple flick.",3,Sci/Tech,2,Business,business,0.6090988516807556,0.1793399155139923,0.01469692587852478,0.6090988516807556,0.19686423242092133
Lonely men targeted by cell-phone based relationship HONG KONG - There #39;s a new service for men seeking true love. A software company has created an artificial girlfriend that lonely men can download to a mobile phone.,3,Sci/Tech,0,World,world news,0.6108264923095703,0.6108264923095703,0.03772126883268356,0.13882339000701904,0.21262885630130768
"Lowe's road to glory For Derek Lowe, two roads diverged not in a yellow wood, as New England's poet laureate Robert Frost had it, but on the greenswards of Fenway Park, Yankee Stadium, and Busch Stadium.",1,Sports,1,Sports,sports,0.9105920791625977,0.01525250356644392,0.9105920791625977,0.053062546998262405,0.0210928525775671
"Rooney going nowhere unless price is right: Moyes England striker on his way. Or is he? Will it be St James #39; Park or Old Trafford? Or will he remain at Goodison? Although Wayne Rooney today handed in a transfer request, and set in motion his seemingly inevitable ",1,Sports,2,Business,business,0.725704550743103,0.07340928912162781,0.1924573928117752,0.725704550743103,0.008428803645074368
"American Fish Confident About Tough Davis Cup Final The US Davis Cup team is gearing up for a tough final against strong Spanish opponents on an unfavorable surface but are optimistic about beating their hosts, said their semi-final team member Mardy Fish.",1,Sports,1,Sports,sports,0.6905681490898132,0.11464611440896988,0.6905681490898132,0.17839734256267548,0.016388392075896263
"Fire Pit Dated to Be Over 50,000 Years Old (AP) AP - In the growing debate about when people first appeared on this continent, a leading archaeologist said Wednesday he has discovered what could be sooty evidence of human occupation in North America tens of thousands of years earlier than is commonly believed.",3,Sci/Tech,0,World,world news,0.7537600994110107,0.7537600994110107,0.03440450504422188,0.0598379410803318,0.15199744701385498
"Nortel financial filings could be delayed into 2005 Less than a week after it launched a media blitz to boost its image, Nortel Networks Ltd. postponed yet again the release of its financial statements, underlining the company #39;s challenges to steer out of the ",2,Business,2,Business,business,0.7701389193534851,0.17987051606178284,0.02042299695312977,0.7701389193534851,0.029567573219537735
A game to remember CHARLTON #39;S players past and present would have been proud with this display - and how fitting that a game marking the Addicks #39; centenary had everything you could wish for from a match.,1,Sports,1,Sports,sports,0.8777974247932434,0.06333085894584656,0.8777974247932434,0.022076256573200226,0.03679537773132324
Cricket: India embarrassed by Australia on rain-ravaged day BOMBAY : India #39;s bid to secure a face-saving win over Australia got off on the wrong foot after they lost two quick wickets in the 11 overs bowled on the rain-hit opening day of the fourth Test here.,1,Sports,1,Sports,sports,0.7085524201393127,0.0792151540517807,0.7085524201393127,0.2038205862045288,0.008411826565861702
"3 Former Enron Executives to Share a Trial Kenneth Lay, a founder of the Enron Corporation, will get two criminal trials - one by himself and one with his former protg, Jeffrey Skilling, a judge ruled Tuesday.",2,Business,2,Business,business,0.6250705122947693,0.2564346194267273,0.052827950567007065,0.6250705122947693,0.06566686928272247
Blair: Time for Excuses on Africa Is Over (Reuters) Reuters - British Prime Minister\Tony Blair is to say Thursday that the time for excuses on\Africa is over as he chairs a meeting in Ethiopia he hopes will\turn the continent's problems into a global priority.,0,World,0,World,world news,0.9417646527290344,0.9417646527290344,0.0094782505184412,0.034150101244449615,0.014607037417590618
"Aussies battle EU over cheese, champagne AP - The United States and Australia have prevailed in an interim ruling by World Trade Organisation (WTO) in a dispute over the protection given by the European Union to its regional goods such as Champagne wine and Feta cheese, trade officials said.",2,Business,0,World,world news,0.7761161923408508,0.7761161923408508,0.019056256860494614,0.184814915060997,0.020012645050883293
"Microsoft, Sun, Intel push IT management via Web services (InfoWorld) InfoWorld - Microsoft and Sun Microsystems on Thursday are publishing a specification to leverage Web services for managing a broad range of IT systems including PCs and devices on a network.",3,Sci/Tech,0,World,world news,0.5809633731842041,0.5809633731842041,0.011108347214758396,0.34603723883628845,0.061891090124845505
Darfur warring parties to meet in Nigeria for peace talks (AFP) AFP - Sudan's government and its foes in the Darfur region's rebel movements will meet on Monday for peace talks which mark a last chance for African diplomacy to solve the crisis before the United Nations steps in.,0,World,0,World,world news,0.8900013566017151,0.8900013566017151,0.02402528002858162,0.03891544044017792,0.047057922929525375
"Students Pay More for Beer Than Books British students spend about \$1.8 billion on drink every year, nearly three times as much as they cough up for books, a survey released on Monday showed.",2,Business,0,World,world news,0.4768519103527069,0.4768519103527069,0.11970911920070648,0.3075695335865021,0.09586945176124573
Trabelsi back on board with Ajax Arsenal target Hatem Trabelsi has settled his differences with Ajax after several months of wrangling. The Tunisian international defender was furious after it emerged a clause in his contract prevented him from completing a move to the Gunners.,1,Sports,2,Business,business,0.6746776103973389,0.1894463747739792,0.11558572202920914,0.6746776103973389,0.02029021829366684
"Federer to meet Hewitt in Masters Cup final Houston, TX (Sports Network) - World No. 1 Roger Federer of Switzerland and third-seeded Lleyton Hewitt each posted straight-set wins and advanced to Sunday #39;s final at the lucrative 2004 Tennis Masters Cup.",1,Sports,1,Sports,sports,0.8129857778549194,0.16563382744789124,0.8129857778549194,0.014929644763469696,0.006450750399380922
"Ivory Coast's Army Bombs Rebel Towns (Reuters) Reuters - Government warplanes and helicopter\gunships pounded rebel-held towns in northern Ivory Coast for a\second day on Friday, fueling fears of a slide into all-out war\in the world's top cocoa grower.",0,World,0,World,world news,0.9332544207572937,0.9332544207572937,0.011603823862969875,0.029227280989289284,0.02591453678905964
"Stocks to Watch on Dec. 1  NEW YORK (Reuters) - U.S. stocks to watch on Wednesday: IBM  CORP. &lt;A HREF=""http://www.investor.reuters.com/FullQuote.aspx?ticker=IBM.N target=/stocks/quickinfo/fullquote""&gt;IBM.N&lt;/A&gt;: The computer maker said it sealed deals worth  more than \$1 billion in new work with two European companies  from which the information technology company just acquired two  Danish services providers.",2,Business,2,Business,business,0.6460610628128052,0.27129483222961426,0.023775193840265274,0.6460610628128052,0.05886883661150932
Australia establish 300-run lead in third India Test (AFP) AFP - Australia batted cautiously in their second innings to build a lead of 300 runs over India with nine wickets in hand in the third cricket Test here.,0,World,0,World,world news,0.5164753794670105,0.5164753794670105,0.3342573344707489,0.12251964211463928,0.026747556403279305
"Microsoft Sues BulletProof Web Hosts Anonymous writes  quot;Microsoft Corp. filed nine lawsuits against individuals and companies alleged to be involved in the distribution of spam, the company said Wednesday.",3,Sci/Tech,2,Business,business,0.5836371779441833,0.3191370964050293,0.034966401755809784,0.5836371779441833,0.06225932389497757
Pascual Rodriguez wins 18th stage of Vuelta race; Heras still &lt;b&gt;...&lt;/b&gt; Spaniard Javier Pascual Rodriguez inched ahead of Colombia #39;s Ivan Parra at the finish line to take the 18th stage of the Spanish Vuelta cycling tour Thursday.,1,Sports,1,Sports,sports,0.8100752830505371,0.13872839510440826,0.8100752830505371,0.037139903753995895,0.014056466519832611
"US Army considers shorter combat tours WASHINGTON -- The US Army may shorten yearlong combat tours in Iraq and Afghanistan amid concerns the long and perilous duty is making it difficult to recruit soldiers and keep current ones, officials said yesterday.",0,World,0,World,world news,0.696841299533844,0.696841299533844,0.022407110780477524,0.2421891987323761,0.038562480360269547
Russia working on new nuclear weapons: Putin MOSCOW - New nuclear weapons systems being developed in Russia could include a missile designed to defeat the US missile defence shield.,0,World,0,World,world news,0.6968206763267517,0.6968206763267517,0.02086959220468998,0.07735385000705719,0.20495590567588806
"Wal-Mart Brightens Dec. Sales Forecast  NEW YORK (Reuters) - Wal-Mart Stores Inc. &lt;A HREF=""http://www.investor.reuters.com/FullQuote.aspx?ticker=WMT.N target=/stocks/quickinfo/fullquote""&gt;WMT.N&lt;/A&gt;, the  world's biggest retailer, on Monday brightened its outlook for  December sales at U.S. stores open at least a year, seeing  sales up 3 percent bolstered by post-Christmas spending.",2,Business,2,Business,business,0.5158063769340515,0.4521818161010742,0.01763128861784935,0.5158063769340515,0.01438049040734768
Smith setback for Windies West Indies have been forced to make a second change to their Champions Trophy squad because of injury. Dwayne Smith is suffering from a shoulder problem and has been replaced by Ryan Hinds.,1,Sports,1,Sports,sports,0.447159081697464,0.3194184899330139,0.447159081697464,0.1956438273191452,0.037778548896312714
"Verizon, Bain Near Canada Directory Deal  NEW YORK (Reuters) - Verizon Communications Inc. &lt;A HREF=""http://www.investor.reuters.com/FullQuote.aspx?ticker=VZ.N target=/stocks/quickinfo/fullquote""&gt;VZ.N&lt;/A&gt; is  near an agreement to sell its Canadian telephone directory  business to private equity firm Bain Capital, the New York Post  said on Wednesday.",2,Business,2,Business,business,0.7116784453392029,0.2558094263076782,0.01625247672200203,0.7116784453392029,0.016259662806987762
Schumacher in uncharted territory MICHAEL Schumacher doesn #39;t need to win the Belgian Grand Prix on Sunday to nail his unprecedented seventh Formula One drivers title.,1,Sports,1,Sports,sports,0.6515214443206787,0.22764720022678375,0.6515214443206787,0.0814635381102562,0.03936786204576492
"One assist, goal for hometown star STOCKHOLM, Sweden -- First, Peter Forsberg watched as his retired jersey No. 21 was lowered from the rafters at Kempehallen. Then, after getting a standing ovation from the sold-out crowd, the locked-out Colorado ",1,Sports,1,Sports,sports,0.7705081701278687,0.1384062021970749,0.7705081701278687,0.04877481237053871,0.04231075942516327
"America #39;s curse There is an all but unanswerable case for asserting that the biggest story out of the United States this week has nothing to do with the presidential election, has no connection with the flu vaccine shortage and that it does not involve a gay bishop either ",1,Sports,0,World,world news,0.6745646595954895,0.6745646595954895,0.050126928836107254,0.14688415825366974,0.12842422723770142
"IBM, LG Electronics to End Joint Venture International Business Machines Corp. and LG Electronics Inc. will end an eight-year alliance that helped expand the US computer maker #39;s presence in the booming South Korean PC market.",2,Business,2,Business,business,0.790814995765686,0.14428813755512238,0.013816362246870995,0.790814995765686,0.05108046159148216
"Inaction #39;s Consequence LAST MONTH the United States and its allies signaled a change in Sudan policy. Rather than pressuring Sudan #39;s government to halt its genocidal attacks against civilians in the western province of Darfur, they ",0,World,0,World,world news,0.6709554195404053,0.6709554195404053,0.0701216608285904,0.1797109991312027,0.07921194285154343
"Pedro: Yanks? No Thanks: Bombers psyche out ace #39; Pedro Martinez last night uttered the absolute last words any Boston fan wants to hear from their ace - now, or ever: Call the Yankees my daddy.",1,Sports,1,Sports,sports,0.8701960444450378,0.02329767495393753,0.8701960444450378,0.0943099781870842,0.012196323834359646
"Corning begins work on Taiwan LCD facility Encouraged by the demand for LCDs, glass maker Corning on Thursday said it has broken ground for a second manufacturing facility in Taiwan.",3,Sci/Tech,2,Business,business,0.6897001266479492,0.222003772854805,0.01520791370421648,0.6897001266479492,0.07308819890022278
Update 1: Foreign Drug Stocks in Spotlight Foreign drug stocks were in the spotlight Thursday with Food and Drug Administration news pulling the sector down. AstraZeneca PLC took a drubbing on the eve of its FDA advisory panel meeting for its orally ,2,Business,0,World,world news,0.5323631167411804,0.5323631167411804,0.019795486703515053,0.29373735189437866,0.15410397946834564
"Tesco To Sell Downloadable Tunes Tesco aint daft, theyve done the insurance blag and now they getting stuck into the music downloading service. They will be the first supermarket to enter a market that is worth over 25million and is currently dominated by the Apple run iTunes.",3,Sci/Tech,2,Business,business,0.9156376719474792,0.0649103969335556,0.005593455862253904,0.9156376719474792,0.01385850366204977
"Varitek's terms could be tough to meet As much as the Red Sox hope to persuade Jason Varitek to stay in Boston, they face a mighty challenge since Varitek's agent, Scott Boras, said last night the catcher expects to receive a five-year contract with a no-trade clause that compensates him as lucratively as the top catchers in the game.",1,Sports,2,Business,business,0.5953606963157654,0.045857544988393784,0.3388318121433258,0.5953606963157654,0.019949935376644135
Hostage-taker snubs rescue team A PAKISTANI militant leader linked to al-Qaeda said today he refused to meet a council of tribal elders trying to secure the release of two Chinese hostages held by his group.,0,World,0,World,world news,0.6777900457382202,0.6777900457382202,0.05314404517412186,0.1870347559452057,0.08203115314245224
Intel to take over HP #39;s Itanium chip team SAN FRANCISCO (CBS.MW) -- Intel will take over a team of 300 Hewlett-Packard chip designers working on Intel #39;s Itanium server processors.,3,Sci/Tech,2,Business,business,0.4471467435359955,0.37225252389907837,0.019147003069519997,0.4471467435359955,0.16145364940166473
"Computer Associates exec pleads not guilty Sanjay Kumar, the former chief executive of Computer Associates of Islandia, NY, pleaded innocent Thursday to charges he helped inflate financial results.",2,Business,2,Business,business,0.7607210278511047,0.14055229723453522,0.03984707221388817,0.7607210278511047,0.0588795430958271
"Put RSS Feeds On Your Web Page Put RSS Feeds On Your Web Page\\If you're interested in putting RSS feeds on your Web page but you don't have a lot of server/programming expertise, you might want to try the RSS Digest tool at http://www.bigbold.com/rssdigest/ . This tools has some nice extras on it, though at the moment ...",3,Sci/Tech,2,Business,business,0.447746217250824,0.24128444492816925,0.09492712467908859,0.447746217250824,0.21604220569133759
Crude oil prices soar on drop in US oil inventories Crude oil futures surged Wednesday as the US Energy Department reported US oil supplies fell more than expected. Crude oil for October delivery rose 1.68 dollars to 43.,2,Business,0,World,world news,0.5147172808647156,0.5147172808647156,0.03780192881822586,0.3594770133495331,0.08800379931926727
"Suicide Bomber Kills 21 Iraqi Troops  BAGHDAD (Reuters) - A suicide car bomb hit a bus carrying  Iraqi National Guards on Sunday, killing 22 people in the  deadliest attack of its kind in nearly four months on Iraqis  cooperating with U.S. forces to secure a Jan. 30 election.",0,World,0,World,world news,0.7991025447845459,0.7991025447845459,0.048138003796339035,0.09554944187402725,0.05721002444624901
"Is King Kahn #39;s reign coming to an end? He is first choice for his club Bayern Munich and used to be an automatic selection for the national team too. But when Germany meets Iran in a friendly this weekend, Kahn is not going to be between the posts.",1,Sports,1,Sports,sports,0.5936694741249084,0.18537944555282593,0.5936694741249084,0.1696779876947403,0.051273103803396225
NCAA Notifies Baylor Baylor received its notice of allegations Thursday from the NCAA about infractions in its men's basketball program discovered after the death of player Patrick Dennehy.,1,Sports,1,Sports,sports,0.7832364439964294,0.13323955237865448,0.7832364439964294,0.049450069665908813,0.03407388925552368
"Jos. A. Bank Profit Jumps Jos. A. Bank Clothiers (JOSB:Nasdaq - news - research) posted a handsome third-quarter profit Monday, as strong Internet and catalogue sales helped drive a 17 hike in net income.",2,Business,2,Business,business,0.8788057565689087,0.09554322063922882,0.01156141422688961,0.8788057565689087,0.014089670032262802
"S amp;P says may cut Constellation Brands #39; debt rating Standard  amp; Poor #39;s on Tuesday said it may cut the debt rating for Constellation Brands (STZ.N: Quote, Profile, Research) deeper into junk, after the wine and beer distributor said it had launched an unsolicited offer of \$970 ",2,Business,2,Business,business,0.46950674057006836,0.40397337079048157,0.06634461879730225,0.46950674057006836,0.06017524003982544
"Kendall Gives Jets' Offensive Line a Boost (AP) AP - Ask Curtis Martin to pick one of the most important additions to the New York Jets this season, and he has a quick answer: left guard Pete Kendall.",1,Sports,1,Sports,sports,0.3267713487148285,0.2861466705799103,0.3267713487148285,0.2738014757633209,0.1132805272936821
"Passing of Arafat Draws Mixed Reactions (AP) AP - Tears and gunshots, praise and condemnation marked the death of Yasser Arafat, whose fight for the Palestinian cause made him a towering and controversial figure on the world stage.",0,World,0,World,world news,0.9768434762954712,0.9768434762954712,0.0069640143774449825,0.006250457372516394,0.009942016564309597
"Teenager Charged With Creating Sasser Informants, seeking a reward from Microsoft, led police to the German student.",3,Sci/Tech,2,Business,business,0.40880781412124634,0.3711218237876892,0.056950535625219345,0.40880781412124634,0.16311979293823242
"Chiefs' Green Expected to Start Sunday  KANSAS CITY, Mo., (Sports Network) - Kansas City Chiefs  quarterback Trent Green is expected to start in Sunday's game  against the Oakland Raiders despite suffering from bruises to  his ribs and hip.",1,Sports,1,Sports,sports,0.9447758793830872,0.02194119431078434,0.9447758793830872,0.024780938401818275,0.008502040058374405
"Intel Shrinks Transistor Size By 30 pinkUZI writes  quot;Intel will announce that it has crammed 500 million transistors on to a single memory chip, shrinking them in size by 30.",3,Sci/Tech,2,Business,business,0.3781457245349884,0.2697809934616089,0.03275426849722862,0.3781457245349884,0.3193190097808838
"Delta Pilots Ratify Concession Package (Reuters) Reuters - Pilots at Delta Air Lines Inc. \on Thursday ratified a concession package that will save the\carrier  #36;1 billion a year, in a move the company hopes will buy\it time to restructure outside of bankruptcy.",2,Business,2,Business,business,0.5697222352027893,0.4024447202682495,0.014758528210222721,0.5697222352027893,0.013074550777673721
"NFL Preview: Another streak mark looming for Patriots Until the final 11 minutes of the Rams-Seahawks game last week, Seattle #39;s visit to New England this Sunday looked like one of those overhyped matchups labelled  quot;Super Bowl Preview quot; or  quot;Streak-Ender.",1,Sports,1,Sports,sports,0.9791114926338196,0.006984838750213385,0.9791114926338196,0.011008542962372303,0.0028950946871191263
"US Men Have Right Touch in Relay Duel Against Australia THENS, Aug. 17 - So Michael Phelps is not going to match the seven gold medals won by Mark Spitz. And it is too early to tell if he will match Aleksandr Dityatin, the Soviet gymnast who won eight total medals in 1980. But those were not the ...",1,Sports,1,Sports,sports,0.7419924139976501,0.1981375813484192,0.7419924139976501,0.033214420080184937,0.02665552869439125
Gazza goes back to school PAUL GASCOIGNE has quit as player-coach at League Two side Boston because he wants to study for a coaching qualification. The 37-year-old former wants to complete the course before trying to get a player-manager role.,1,Sports,1,Sports,sports,0.6210362315177917,0.16891299188137054,0.6210362315177917,0.1751081943511963,0.034942593425512314
Harrison keeps title for fifth time GLASGOW - Scotland #39;s Scott Harrison successfully defended his WBO featherweight title for a fifth time with a farcical first-round stoppage of Swedish-based Ethiopian Samuel Kebede on Saturday.,1,Sports,1,Sports,sports,0.5003749132156372,0.34049955010414124,0.5003749132156372,0.11891619116067886,0.040209341794252396
"Japan #39;s Sato staying at BAR Japan #39;s Takuma Sato will continue to drive for BAR next season, the Formula One team said on Tuesday. Sato, gearing up for his home grand prix at Suzuka on Sunday, is eighth in the ",1,Sports,2,Business,business,0.43961429595947266,0.3672262132167816,0.1450275033712387,0.43961429595947266,0.04813193529844284
"UK satisfied with peace process, says Hoon ISLAMABAD, Oct 5: British Defence Secretary Geoff Hoon said on Tuesday that history would judge the pace of the peace process between Pakistan and India.",0,World,0,World,world news,0.783665120601654,0.783665120601654,0.05132034420967102,0.1050872728228569,0.059927280992269516
Stephen Dodd leads Volvo China Open Stephen Dodd took a three-stroke lead Friday after 36 holes of the Volvo China Open in Shanghai to stand six-under-par 138 after two rounds.,1,Sports,1,Sports,sports,0.3990533649921417,0.37527886033058167,0.3990533649921417,0.1648206114768982,0.06084712967276573
Saks to close 11 stores New York retailing group Saks said Friday it will close 11 stores and shed 700 jobs. The company said it will close down eight Saks Fifth Avenue stores and three Off 5th Avenue ,2,Business,2,Business,business,0.8672769069671631,0.09940577298402786,0.017440805211663246,0.8672769069671631,0.015876533463597298
AOL Files Lawsuit Against IM  #39;Spim #39; America Online Inc. said Thursday it had filed a federal lawsuit accusing numerous unnamed defendants of violating federal and state laws by sending bulk messages known as  quot;spim quot; to instant message accounts and Internet chat rooms.,2,Business,2,Business,business,0.6359682083129883,0.19723840057849884,0.07383862137794495,0.6359682083129883,0.09295466542243958
"I.B.M. Sought a China Partnership, Not Just a Sale Inside I.B.M., the issue of whether to stay in the personal computer business has been debated for a decade. The issue was put to rest last week.",2,Business,2,Business,business,0.8379749059677124,0.11639457941055298,0.01374384667724371,0.8379749059677124,0.03188670054078102
"Delegates Urge Cleric to Pull Out of Najaf BAGHDAD, Iraq - Delegates at Iraq's National Conference called on radical Shiite cleric Muqtada al-Sadr to abandon his uprising against U.S. and Iraqi troops and pull his fighters out of a holy shrine in Najaf...",0,World,0,World,world news,0.7485302686691284,0.7485302686691284,0.049996424466371536,0.1254267394542694,0.07604660838842392
"Update 2: Time Warner Profit Dips, Sets Aside Reserve Time Warner Inc., the world #39;s largest media company, said Wednesday that its third quarter earnings slid 8 percent as it set aside a \$500 million reserve because of pending government investigations.",2,Business,2,Business,business,0.6216272711753845,0.3395484685897827,0.02000686526298523,0.6216272711753845,0.018817398697137833
"Florida Supreme Court puts Nader on state ballot (AFP) AFP - The Florida Supreme Court has ruled that third-party presidential hopeful Ralph Nader can appear on ballots in the decisive state, increasing the chance the maverick contender will again influence the outcome of the presidential election.",0,World,0,World,world news,0.8864009976387024,0.8864009976387024,0.030351124703884125,0.03881870210170746,0.04442916437983513
"Steenland: Northwest Joins Southwest In Raiding Bankrupt ATA Turf Gnawed by Northwest. Joining an apparent feeding frenzy, Northwest Airlines (nasdaq: NWAC - news - people ) on Tuesday said it plans to expand in Indianapolis, a move that will knock rival ATA Airlines from its No.",2,Business,2,Business,business,0.6017988920211792,0.25273165106773376,0.12522539496421814,0.6017988920211792,0.020244136452674866
Verizon brings top-speed DSL to 16 more areas DSL at 3mbps debuts in areas within company's existing footprint.,3,Sci/Tech,2,Business,business,0.5367645025253296,0.350699245929718,0.04893331974744797,0.5367645025253296,0.0636029988527298
Sharon Faces Netanyahu Threat to Resign Over Gaza  JERUSALEM (Reuters) - Israeli Finance Minister Benjamin  Netanyahu said on Tuesday he and three other cabinet members  from Ariel Sharon's Likud would quit unless the prime minister  agreed to hold a referendum on a pullout from Gaza.,0,World,0,World,world news,0.733291745185852,0.733291745185852,0.044072240591049194,0.16468381881713867,0.05795223265886307
"NASA Chief Applies for Job at LSU (AP) AP - NASA Administrator Sean O'Keefe will resign this week, a government official said Sunday, and a spokesman for Louisiana State University said O'Keefe is a leading candidate to become a chancellor there.",3,Sci/Tech,3,Sci/Tech,science and technology,0.4813680052757263,0.33960142731666565,0.0248821172863245,0.1541484296321869,0.4813680052757263
"Novell NetWare users get Microsofts Offer With Novell concentrating on Linux more and more, many NetWare consumers might be facing dilemmas on where to move on for future needs.",3,Sci/Tech,2,Business,business,0.527471661567688,0.23268836736679077,0.0871402770280838,0.527471661567688,0.15269970893859863
Next Big Hit at the Modern: Its Reopening The buzz over the greatly enlarged museum is expected to turn into a cacophony on Saturday.,0,World,2,Business,business,0.3496735095977783,0.28043851256370544,0.10624977946281433,0.3496735095977783,0.2636382281780243
"France joins Germany, Japan in economic slide (AFP) AFP - The French economy hit a rough patch in the third quarter, throwing the government's full-year growth target into question amid signs of an economic slowdown in the 12-nation eurozone.",2,Business,0,World,world news,0.8072519302368164,0.8072519302368164,0.013135474175214767,0.1574505716562271,0.022162025794386864
"SBC links e-mail, voice messages, fax SBC on Monday announced a new service that integrates voice messages, faxes and e-mails into a single mailbox that can be accessed from anywhere by phone or the Internet.",2,Business,2,Business,business,0.7451605200767517,0.15338803827762604,0.03960114344954491,0.7451605200767517,0.06185035780072212
"South African Miner in Hostile Bid for Gold Fields Harmony Gold Mining, the largest miner of South African gold, made a hostile bid yesterday to acquire Gold Fields Ltd., another South African miner, for 52.",2,Business,2,Business,business,0.7983018755912781,0.15730734169483185,0.01800897903740406,0.7983018755912781,0.02638179622590542
"Blair Calls for World to Unite Prime Minister Tony Blair tried to bridge the trans-Atlantic rift over Iraq, urging a  quot;fractured, divided and uncertain quot; world to unite in the wake of President Bush #39;s election victory.",0,World,0,World,world news,0.9673388600349426,0.9673388600349426,0.008469420485198498,0.010241225361824036,0.01395051646977663
"Global sales of mobile phones hit record levels PARIS Global cellphone sales rose to record levels in the second quarter as Nokia clawed back some of its lost market share, according to figures released Thursday.",3,Sci/Tech,0,World,world news,0.721598744392395,0.721598744392395,0.018324408680200577,0.22007735073566437,0.03999946266412735
"IBM Updates WebSphere Application Server The Express version of the new WebSphere server is targeted at the small and midsized business market.  quot;The SMB market has become much more pivotal and crucial to everyone, quot; according to Yankee Group analyst Laura DiDio.",3,Sci/Tech,2,Business,business,0.9164230227470398,0.045079439878463745,0.010481233708560467,0.9164230227470398,0.028016285970807076
Thai Villagers Search for Relatives Hundreds of villagers besieged a Thai military camp Wednesday demanding to know whether their relatives were among at least 78 Muslim men who officials said suffocated ,0,World,0,World,world news,0.7674400806427002,0.7674400806427002,0.05599105730652809,0.08721689134836197,0.08935195952653885
"Injured Heskey to miss England friendly NEWCASTLE, England (AP) - Striker Emile Heskey has pulled out of the England squad ahead of Wednesday #39;s friendly against Ukraine because of a tight hamstring, the Football Association said Tuesday. ",1,Sports,0,World,world news,0.438804030418396,0.438804030418396,0.41627708077430725,0.10363584756851196,0.04128299653530121
Row over Australian army photo A picture of Australian troops dressed as members of the Ku Klux Klan stirs accusations of racism.,0,World,0,World,world news,0.8133705258369446,0.8133705258369446,0.05343732610344887,0.06080286577343941,0.07238928973674774
"Official: FARC Sought Bush Assassination Colombia's main rebel group asked followers to mount an assassination attempt against President Bush during his visit to Colombia last week, Defense Minister Jorge Uribe said. There was no evidence Saturday that rebels even tried to organize such an attack.",0,World,0,World,world news,0.6871238946914673,0.6871238946914673,0.0774940550327301,0.1360570639371872,0.09932505339384079
Threat to behead Japanese soldier The group led by wanted terrorist Abu Musab al-Zarqawi has said it has abducted a member of Japan #39;s armed forces and is threatening to behead him if the Japanese government does not withdraw its troops from Iraq within 48 hours.,0,World,0,World,world news,0.910277247428894,0.910277247428894,0.018120260909199715,0.04552749916911125,0.02607502043247223
Fusion reactor decision must wait Six nations planning to build the world's biggest nuclear fusion reactor fail to agree where to site the facility.,3,Sci/Tech,3,Sci/Tech,science and technology,0.4604582190513611,0.3952801823616028,0.015240582637488842,0.1290210634469986,0.4604582190513611
"Israel levels new accusations against Syria Without acknowledging responsibility for the car-bombing death of a Hamas activist in Syria, Israeli Deputy Defense Minister Zeev Boim yesterday issued a toughly worded ",0,World,0,World,world news,0.8119826912879944,0.8119826912879944,0.030829105526208878,0.1110306903719902,0.04615757241845131
"Amazon.com net sales jump 29; Google reports \$52M in net income OCTOBER 22, 2004 (IDG NEWS SERVICE) - Amazon.com Inc. fell a penny short of analysts #39; per-share earnings expectations, while reporting net sales of \$1.",3,Sci/Tech,2,Business,business,0.7451550960540771,0.2169904261827469,0.012466599233448505,0.7451550960540771,0.025387894362211227
Ship hits Japan breakwater At least six crew members are killed and one is missing after a  South Korean cargo ship hits a breakwater in Japan.,0,World,0,World,world news,0.7226058840751648,0.7226058840751648,0.0396186038851738,0.1669996678829193,0.07077586650848389
"Japanese baseball players set to strike Japanese baseball players will strike for the first time if owners proceed with a proposed merger of two teams, the players #39; union said Monday.",1,Sports,1,Sports,sports,0.8086075186729431,0.11003699898719788,0.8086075186729431,0.07134805619716644,0.010007437318563461
"Egypt names former player Shehata as caretaker coach The Egyptian Football Association (EFA) has appointed a domestic coach to take over Italian Marco Tardelli who was sacked earlier this month after a surprise defeatto Libya, a spokesman said Thursday.",1,Sports,1,Sports,sports,0.6706839203834534,0.18764908611774445,0.6706839203834534,0.09896628558635712,0.042700715363025665
"Vladimir Putin: Claims of authoritarian drift  quot;total nonsense quot; President Vladimir Putin rejected concern that he is beating a path toward authoritarianism, calling such criticism  quot;total nonsense quot; in an interview published Friday and saying Russia needs time to build democracy after centuries of heavy ",0,World,0,World,world news,0.7997534871101379,0.7997534871101379,0.045146241784095764,0.10622859001159668,0.0488717183470726
Music lovers can download entire track on their Mobile Phone Here is good news for music lovers! Now you can download the entire track on your mobile phone. This is made possible as two giants US-based Melodeo and Warner Music Group has signed an agreement whereby consumers ,3,Sci/Tech,0,World,world news,0.6811769008636475,0.6811769008636475,0.05391443148255348,0.16533245146274567,0.0995761901140213
Arsenal loses again in Premier League Arsenal dropped five points behind Chelsea in the English Premier League on Sunday after losing 2-1 to Liverpool on an injury-time goal by Neil Mellor.,1,Sports,1,Sports,sports,0.5211968421936035,0.2494853138923645,0.5211968421936035,0.18184851109981537,0.04746934771537781
South Seas Islands Pin Future on Geotourism The Cook Islands receive more tourists per capita than any other South Pacific destination. Now authorities are revamping their tourism strategy to focus on preservation.,3,Sci/Tech,0,World,world news,0.3824789524078369,0.3824789524078369,0.10239536315202713,0.3749043941497803,0.14022132754325867
"No. 6 Duke Tops South Fla. in Women #39;s NIT Duke #39;s Wanisha Smith (23) celebrates a Duke basket along side assistant coach LaVonda Wagner during the second half of the second round of the Pre-Season Women #39;s National Invitational Tournament on Sunday, Nov. 14, 2004 in Durham, NC No.",1,Sports,1,Sports,sports,0.8251290917396545,0.08710397034883499,0.8251290917396545,0.05504348874092102,0.03272341936826706
Martian Weather Blamed for Loss of Beagle 2 Description: An investigation into the loss of Britain #39;s Beagle 2 spacecraft last December suggests the cause may have been unusual Martian weather.,3,Sci/Tech,3,Sci/Tech,science and technology,0.5286279916763306,0.4115642309188843,0.020470445975661278,0.03933732584118843,0.5286279916763306
" #39;Breakthrough #39; on hydrogen fuel US scientists had made a breakthrough in their quest to make low-cost hydrogen, a technology key to finding new sources of energy to end US dependence on foreign oil, they said.",3,Sci/Tech,3,Sci/Tech,science and technology,0.7632495760917664,0.19647404551506042,0.005161918234080076,0.03511452674865723,0.7632495760917664
"FDA Warns Cyberonics on Manufacturing  CHICAGO (Reuters) - U.S. regulators warned Cyberonics Inc.  &lt;A HREF=""http://www.investor.reuters.com/FullQuote.aspx?ticker=CYBX.O target=/stocks/quickinfo/fullquote""&gt;CYBX.O&lt;/A&gt; of manufacturing deficiencies at the Houston plant  that makes its sole product, an implantable device to treat  epilepsy, the company said on Monday.",2,Business,2,Business,business,0.5407538414001465,0.2987004816532135,0.0319085530936718,0.5407538414001465,0.1286371499300003
"NetApp CEO: No Storage Spending Shortfall (TechWeb) TechWeb - Customers are decoupling storage from server purchases, which explains why EMC and NetApp earnings were up and why Sun and HP were flat or down, Warmenhoven says.",3,Sci/Tech,2,Business,business,0.8026434779167175,0.11030573397874832,0.0111389746889472,0.8026434779167175,0.07591179013252258
"Hutchison cuts IPO size by 7 pct HONG KONG: Hutchison Telecommunications International Ltd (HTIL) cut the size of its IPO for a second time to bolster interest in its shares, reducing the sale #39;s value by about 7 percent to between US\$890 million and US\$1.",2,Business,2,Business,business,0.6146837472915649,0.3229493200778961,0.028308982029557228,0.6146837472915649,0.034057941287755966
"Alcoa Warns Earnings to Miss Forecasts (Reuters) Reuters - Alcoa Inc. , the world's largest\aluminum producer, on Thursday warned that third-quarter\results would fall far short of Wall Street expectations, hurt\by plant shutdowns, restructuring costs and weakness in some\markets.",2,Business,2,Business,business,0.579036295413971,0.40661439299583435,0.0052190301939845085,0.579036295413971,0.00913034938275814
"Seahawks Take NFC West The Seahawks deny a Falcons' two-point try for the tie with no time remaining to wrap up the NFC West, 28-26, on Sunday.",1,Sports,1,Sports,sports,0.704116940498352,0.07953566312789917,0.704116940498352,0.1897454708814621,0.026601921766996384
"Open-source spat triggers legal threat Company says it paid for the code that was contributed, against contract, to free Mambo publishing software.",3,Sci/Tech,2,Business,business,0.6963515877723694,0.18098996579647064,0.04307534173130989,0.6963515877723694,0.07958314567804337
'Cities in crisis' leaders warn World leaders warn that rapid urbanisation will become one of the biggest challenges of the 21st Century.,3,Sci/Tech,0,World,world news,0.9323021173477173,0.9323021173477173,0.010087655857205391,0.03691727668046951,0.02069292590022087
"Pacific Oil Link Is Best for Russia, Ambassador Says (Update1) Russia, the world #39;s second-biggest oil exporter, will benefit most from a Siberian crude oil pipeline to the Pacific rather than to China as energy resources are needed to develop the ",2,Business,2,Business,business,0.5540739893913269,0.4017251133918762,0.012031711637973785,0.5540739893913269,0.0321691669523716
"Swing and a Miss for Asteroid An asteroid the size of a large storage shed came within 4,100 miles of Earth this spring, making it the closest near miss ever recorded, US astronomers said this week.",3,Sci/Tech,3,Sci/Tech,science and technology,0.4926760792732239,0.3813627362251282,0.0705367922782898,0.05542442947626114,0.4926760792732239
"Pilot leaders OK Delta deal The leadership of Delta Air Lines #39; pilot union early this morning approved a tentative concessionary agreement with the company, sending it to a vote of the entire membership.",2,Business,2,Business,business,0.7455433011054993,0.16012780368328094,0.05361746624112129,0.7455433011054993,0.04071146994829178
Ganguly suspension appealed London - The International Cricket Council (ICC) on Monday confirmed that it had received notice from the Board of Control for Cricket in India (BCCI) that it was intending to appeal against captain Sourav Ganguly #39;s two Test match suspension.,1,Sports,1,Sports,sports,0.6115624308586121,0.2590183615684509,0.6115624308586121,0.110727958381176,0.01869126409292221
"Durable Goods Orders Up 0.2 Percent (Reuters) Reuters - U.S. orders for long-lasting durable\goods rose by a smaller-than-expected 0.2 percent in September,\held back by another sharp fall in commercial aircraft,\government data showed on Wednesday.",2,Business,2,Business,business,0.6344372630119324,0.32677897810935974,0.01523114088922739,0.6344372630119324,0.02355262264609337
UEFA Cup Round-up Newcastle eased their way into the UEFA Cup group stages on Thursday night as Alan Shearer and Patrick Kluivert hit the goals trail again in a 5-1 victory over Bnei Sachnin in Israel.,1,Sports,1,Sports,sports,0.8209315538406372,0.11324430257081985,0.8209315538406372,0.04286092892289162,0.022963183000683784
Game sparks sales frenzy GAMES stores opened at midnight to meet demand for the latest version of the controversial Great Theft Auto. There were queues outside shops around Merseyside with people anxious ,3,Sci/Tech,2,Business,business,0.687691867351532,0.23472309112548828,0.04340837895870209,0.687691867351532,0.03417662903666496
"Karzai heading for Afghan victory Supporters of Afghan President Hamid Karzai say he is on course to win the presidential elections, with about one-quarter of the votes counted.",0,World,0,World,world news,0.6893139481544495,0.6893139481544495,0.07419627159833908,0.12513458728790283,0.11135520786046982
"Long and short of a rivalry that was Five years may not seem a whole lot, but consider what has happened since the last time the Green Bay Packers played the Dallas Cowboys prior to today #39;s meeting.",1,Sports,1,Sports,sports,0.8756933808326721,0.034403037279844284,0.8756933808326721,0.06948142498731613,0.020422086119651794
Playing with the traumas of war Are games based on the Vietnam conflict making us immune to realities of history?,3,Sci/Tech,0,World,world news,0.4344305694103241,0.4344305694103241,0.1871780902147293,0.24676735699176788,0.1316239833831787
"Anti-Spyware Spending Set To Skyrocket The spyware plague will trigger a 2,500 percent increase in enterprise spending by 2008, a market-research firm reports. By Gregg Keizer.",3,Sci/Tech,2,Business,business,0.8138363361358643,0.12373197823762894,0.012032327242195606,0.8138363361358643,0.05039939284324646
"Ancient Skull Fragment Hints at Surgery (AP) AP - A skull fragment found in a 400-year-old trash pit at Jamestown contains evidence of the earliest known surgery  #151; and autopsy  #151; in the English colonies in America, researchers say.",3,Sci/Tech,0,World,world news,0.5980051755905151,0.5980051755905151,0.020535217598080635,0.04775352403521538,0.3337061107158661
"Strikes at London airports London - A 48-hour strike by aircraft refuellers at London Heathrow airport got under way on Friday, with baggage handlers at Gatwick airport also preparing to walk out, threatening a weekend of travel disruptions.",2,Business,0,World,world news,0.6255388855934143,0.6255388855934143,0.03898654878139496,0.2746463716030121,0.06082821264863014
"Australian journalist tells of capture in Iraq TONY EASTLEY: An Australian journalist snatched by insurgents in Iraq, has contradicted claims by Foreign Minister Alexander Downer that he was kidnapped in a part of Baghdad where he was advised not to go.",0,World,0,World,world news,0.8412585854530334,0.8412585854530334,0.033905722200870514,0.07297125458717346,0.05186448618769646
Button Must Stay With BAR! The FIA #39;s Contract Recognition Board (CRB) finally got around to deciding whether or not Jenson Button is contractually allowed to go drive for Williams next season.,1,Sports,2,Business,business,0.7141388654708862,0.10579001158475876,0.16146129369735718,0.7141388654708862,0.018609914928674698
"Agassi advances in Madrid, Henman eliminated Top seed Tim Henman suffered a 6-4,4-6, 6-2 defeat to Croatian Ivan Ljubicic in the Madrid Masters on Thursday as Andre Agassi advanced to the quarter-finals with a 6-1,6-3 victory over Vincent Spadea.",1,Sports,1,Sports,sports,0.5215933918952942,0.3917320668697357,0.5215933918952942,0.060480862855911255,0.026193764060735703
HOW DOES MONTGOMERIE RANK AMONG THE GREATS? Scotland #39;s Colin Montgomerie sank the winning putt at the 35th Ryder Cup at Oakland Hills in Detroit to ensure the trophy remained in European hands and maintain his unbeaten record in singles matches in the competition.,1,Sports,1,Sports,sports,0.83072429895401,0.12071086466312408,0.83072429895401,0.02559557370841503,0.022969361394643784
Study to Examine Effects of Ship Waste (AP) AP - A team of scientists is traveling a 600-mile stretch of the Inside Passage this month to study the effects of cruise ship waste and other contaminants in Southeast Alaska waters.,3,Sci/Tech,0,World,world news,0.5255688428878784,0.5255688428878784,0.022008301690220833,0.06166434288024902,0.3907585144042969
"Israel, Egypt in Prisoner Swap  CAIRO (Reuters) - Israel released six Egyptian students  from prison on Sunday as part of a deal which includes freedom  for Israeli businessman and convicted spy Azzam Azzam, Egyptian  security sources said.",0,World,2,Business,business,0.6592950820922852,0.2929871082305908,0.01858571730554104,0.6592950820922852,0.02913208119571209
"Lebanon and Syria have not complied with UN resolution: Annan UNITED NATIONS - Secretary-General Kofi Annan reported that Syria has not pulled its forces out of Lebanon as called for by the UN Security Council, and said he had requested a timetable from Damascus for its full implementation.",0,World,0,World,world news,0.8424792289733887,0.8424792289733887,0.027961349114775658,0.10110671073198318,0.028452657163143158
"Pinkel reinstates Damien Nash Missouri tailback Damien Nash was reinstated by coach Gary Pinkel, ending a one-game suspension for the teams #39; leading rusher.",1,Sports,1,Sports,sports,0.7819096446037292,0.06342969834804535,0.7819096446037292,0.1263587325811386,0.02830195240676403
"Chirac says Turkey's EU bid 'not a done deal' (AFP) AFP - French President Jacques Chirac said Wednesday that Turkey's EU membership bid was  quot;not a done deal, quot; although he believed it was in Europe's best interests, a government spokesman reported after a cabinet meeting.",0,World,0,World,world news,0.8815869688987732,0.8815869688987732,0.01903296448290348,0.07217393815517426,0.027206165716052055
Study: Mobile phone use increases brain tumor risk But researchers say data based on analogue phone usage may not yield same results as digital phone usage.,3,Sci/Tech,3,Sci/Tech,science and technology,0.5143422484397888,0.2616305351257324,0.050172533839941025,0.1738547533750534,0.5143422484397888
Fannie Mae mess worries investors The fallout from allegations of serious accounting problems at Fannie Mae has rattled investors and could even bump up mortgage rates down the road.,2,Business,2,Business,business,0.6181861758232117,0.33909493684768677,0.015884632244706154,0.6181861758232117,0.026834283024072647
Sister of man who died in Vancouver police custody slams chief (Canadian Press) Canadian Press - VANCOUVER (CP) - The sister of a man who died after a violent confrontation with police has demanded the city's chief constable resign for defending the officer involved.,0,World,0,World,world news,0.5375242829322815,0.5375242829322815,0.08732609450817108,0.23753605782985687,0.13761360943317413
British Media: Security Stopped Several Major Terrorist Attacks A British television station and a newspaper are reporting that British security services believe they have thwarted several major attacks planned by terrorists linked to Osama bin Laden #39;s al-Qaida organization.,0,World,0,World,world news,0.8472527861595154,0.8472527861595154,0.019560491666197777,0.09233121573925018,0.040855444967746735
"Oil Surges to New Intraday High in Europe (AP) AP - The price of crude oil surged to a new intraday high of US #36;53.42 in European trade Monday, despite assurances from Middle East oil producers that they were committed to bringing the price down as a strike began in Africa's largest exporter.",0,World,0,World,world news,0.680070698261261,0.680070698261261,0.019573671743273735,0.2600959837436676,0.04025961458683014
"Tough Talks Ahead After EU Is Criticized Efforts to forge the world's largest free trade zone between the European Union and South America's Mercosur economic bloc are unlikely to be concluded by an Oct. 31 deadline, the EU said Thursday, with both sides declaring each other's trade offers insufficient.",0,World,0,World,world news,0.5020518898963928,0.5020518898963928,0.015004822984337807,0.4633544385433197,0.01958884857594967
"Big Green slip by Wildcats Mike Lang had a career-high 25 points, including the go-ahead jumper with 1:16 remaining, to lift Dartmouth to a 69-67 nonconference victory over New Hampshire last night in Hanover, N.H. Lang's basket broke a 66-66 tie. Dartmouth (3-3) then fouled the Wildcats' Jermaine Anderson, who hit one of two free throws to make it 68-67 with 54 seconds left. A ...",1,Sports,1,Sports,sports,0.5671237707138062,0.14883585274219513,0.5671237707138062,0.21827760338783264,0.0657627284526825
"GLOBAL MARKETS-Shares and dollar turn south after US data European shares turned negative and government bonds were struggling for direction on Thursday after US data showed subdued inflation numbers, flat spending and a rise in unemployment.",2,Business,0,World,world news,0.9298852682113647,0.9298852682113647,0.007425276562571526,0.05048674717545509,0.012202723883092403
Oil Downturn Deepens as Supplies Swell  LONDON (Reuters) - Oil on Tuesday extended a price slide  that has cut 12 percent from record highs in two weeks as  growing signs of ample supply eases concerns over fuel stocks  for the northern winter.,2,Business,0,World,world news,0.72589510679245,0.72589510679245,0.031012434512376785,0.18892250955104828,0.054169949144124985
"Demand For Oil Exceeds Forecasts Oil demand is rising faster than predicted this year as OPEC pumps more low-quality oil in a failed bid to reduce record prices, according to International Energy Agency, an adviser to 26 industrialized nations.",2,Business,0,World,world news,0.6957736611366272,0.6957736611366272,0.03385826572775841,0.19844414293766022,0.07192403823137283
"The servers cannot take the strain, captain! A San Francisco startup plans to boldly go where no game developer has gone before with an online game based on the cult TV series  quot;Star Trek.",3,Sci/Tech,2,Business,business,0.5041424036026001,0.13734070956707,0.022690607234835625,0.5041424036026001,0.3358263075351715
"Nokia sees strong demand for smartphones and camera phones in 2005 Nokia has forecast that smartphone shipments worldwide are expected to increase to 238 million units by 2008, up from 23 million this year, according to Anssi Vanjoki, executive vice president and general manager of multimedia at Nokia.",3,Sci/Tech,2,Business,business,0.6299518346786499,0.2325756698846817,0.02979283407330513,0.6299518346786499,0.10767970234155655
"Sparkling Singh targets Woods again If there is no rest for the wicked, then there is none either for the tormented, as represented by those members of the US Tour who are not Vijay Singh.",1,Sports,1,Sports,sports,0.7724734544754028,0.13189230859279633,0.7724734544754028,0.06024099141359329,0.03539321571588516
"HK walks out of 68-month deflation cycle, official Hong Kong Financial Secretary Henry Tang said he believed Hong Kong has walked out of the consumer price deflation cycle that lingered for 68 months, according to the consumer price index trend in the past few years.",2,Business,2,Business,business,0.5102152824401855,0.3507760167121887,0.04605275020003319,0.5102152824401855,0.09295589476823807
"Microsoft, Cisco partner on network-access security Microsoft and Cisco Systems will collaborate to make their emerging products for network security compatible. The vendors had been working independently in the area of PC access to networks but say customers ",3,Sci/Tech,2,Business,business,0.6732643842697144,0.21842257678508759,0.026820771396160126,0.6732643842697144,0.08149222284555435
Around the world The bombing of a UN election office in Afghanistan that injured six policemen drew calls from a UN union Friday for a withdrawal of staffers from the embattled nation.,0,World,0,World,world news,0.9786694645881653,0.9786694645881653,0.003377486951649189,0.011827759444713593,0.006125322077423334
"Russia May Ratify Kyoto Protocol in Oct. -- Minister (Reuters) Reuters - The Russian government expects\parliament to ratify the Kyoto Protocol this month in a move\allowing the long-delayed climate change treaty to come into\force worldwide, a senior minister said Monday.",3,Sci/Tech,0,World,world news,0.912376344203949,0.912376344203949,0.011671742424368858,0.052231524139642715,0.02372041717171669
"Mars Express Instrument Finds Possible New Evidence When Vittorio Formisano, the principal investigator for the Planetary Fourier Spectrometer (PFS) aboard the European Space Agency #39;s Mars Express, announced Monday that his team found that concentrations ",3,Sci/Tech,3,Sci/Tech,science and technology,0.751373291015625,0.16241906583309174,0.03515582159161568,0.05105182155966759,0.751373291015625
"Brazil beats Haiti in goodwill soccer game The boys from Brazil beat Haiti #39;s national soccer team Wednesday in a friendly goodwill game 6-0. The game was the brainchild of Brazilian President Luiz Inacio Lula da Silva, who was on hand in the Haitian capital for the historical match. ",1,Sports,1,Sports,sports,0.8687297701835632,0.10451249033212662,0.8687297701835632,0.014941342175006866,0.01181643083691597
"Microsoft Takes Lead in PDA Software Microsoft Corp.'s software platform for personal digital assistants took over the market lead from PalmSource Inc. for the first time in the third quarter, according to market research released Friday.",3,Sci/Tech,2,Business,business,0.5523830056190491,0.2899875044822693,0.03604089096188545,0.5523830056190491,0.12158850580453873
"Hartford Sees \$91 Mln in Charley Losses  NEW YORK (Reuters) - Hartford Financial Services Group Inc.  &lt;A HREF=""http://www.investor.reuters.com/FullQuote.aspx?ticker=HIG.N target=/stocks/quickinfo/fullquote""&gt;HIG.N&lt;/A&gt; on Tuesday became the latest insurer to issue a profit  warning tied to Hurricane Charley, the strongest storm to hit  Florida in a dozen years.",2,Business,2,Business,business,0.6991376280784607,0.2335125058889389,0.03801271691918373,0.6991376280784607,0.029337070882320404
"Deadly fire sweeps through China mines SHAHE, CHINA - Nine people were confirmed dead and 57 remained missing late Sunday after a fire swept through five iron ore mines in northern China, the Xinhau news agency said.",0,World,0,World,world news,0.6455858945846558,0.6455858945846558,0.04871288314461708,0.21208743751049042,0.09361372888088226
Flop in the ninth inning sinks Jays BOSTON -- The Toronto Blue Jays have had worse hitting games this season against lesser pitchers than Pedro Martinez. ,1,Sports,1,Sports,sports,0.6246210932731628,0.11317497491836548,0.6246210932731628,0.21915723383426666,0.043046705424785614
"UEFA Introduces Anti-Doping Program  SOFIA (Reuters) - UEFA will enforce a new anti-doping  program at all levels in and out of competition, a meeting of  the European soccer body's executive committee decided  Thursday.",1,Sports,1,Sports,sports,0.6454873085021973,0.2313079833984375,0.6454873085021973,0.10242822021245956,0.02077648974955082
"Iran agrees to nuclear enrichment freeze -diplomats Iran has agreed to suspend its uranium enrichment programme in an attempt to ease concerns that its nuclear programme is aimed at developing weapons, a Western diplomat close to the United Nations said today.",0,World,0,World,world news,0.865497350692749,0.865497350692749,0.020329710096120834,0.04567033424973488,0.06850259751081467
